node,out_degree_centrality,in_degree_centrality,katz_centrality,closeness_centrality,betweenness_centrality
10th_century,0.0064,0.0158,0.0198,0.3994,0.0006
11th_century,0.0119,0.0138,0.0185,0.39,0.0007
12th_century,0.0111,0.0198,0.0207,0.3955,0.0014
13th_century,0.0084,0.019,0.0211,0.4025,0.0008
14th_century,0.0077,0.0156,0.018,0.3796,0.0005
15th_Marine_Expeditionary_Unit,0.0059,0.0002,0.0072,0.2656,0.0
15th_century,0.0141,0.023,0.0271,0.4148,0.002
16_Cygni,0.002,0.0005,0.0072,0.2081,0.0002
16_Cygni_Bb,0.003,0.0002,0.0072,0.1723,0.0
16th_century,0.0225,0.0296,0.0291,0.4234,0.0039
1755_Lisbon_earthquake,0.0057,0.001,0.0078,0.3187,0.0
17th_century,0.0215,0.0294,0.0273,0.4221,0.003
1896_Summer_Olympics,0.0067,0.0005,0.0075,0.315,0.0
18th_century,0.0235,0.0393,0.0336,0.4434,0.0064
1928_Okeechobee_Hurricane,0.0042,0.0017,0.0078,0.2876,0.0
1973_oil_crisis,0.0126,0.0037,0.0103,0.3523,0.0004
1980_eruption_of_Mount_St._Helens,0.0106,0.0007,0.0073,0.2496,0.0
19th_century,0.0412,0.0677,0.0498,0.4735,0.0171
1_Ceres,0.0079,0.0027,0.0082,0.2941,0.0001
1st_century,0.0091,0.0106,0.0153,0.3721,0.0003
1st_century_BC,0.0079,0.0086,0.0143,0.3746,0.0002
2-6-0,0.001,0.0005,0.0072,0.2045,0.0
2-8-0,0.0015,0.0005,0.0073,0.2549,0.0001
2003_Atlantic_hurricane_season,0.0044,0.0015,0.0076,0.2358,0.0008
2004_Atlantic_hurricane_season,0.0099,0.0035,0.0083,0.2904,0.0008
2004_Indian_Ocean_earthquake,0.0173,0.0067,0.0109,0.347,0.0009
2005_Atlantic_hurricane_season,0.0138,0.0062,0.0092,0.2884,0.0025
2005_Kashmir_earthquake,0.003,0.0012,0.0084,0.3418,0.0
2005_Sumatra_earthquake,0.0052,0.0005,0.0073,0.2601,0.0
20th_century,0.023,0.0721,0.0495,0.4755,0.0095
21st_century,0.0383,0.0084,0.0146,0.378,0.0056
2nd_century,0.0069,0.0072,0.0128,0.3644,0.0004
3_Juno,0.0022,0.0012,0.0076,0.2764,0.0
3rd_century,0.0081,0.0074,0.0135,0.3644,0.0002
4-2-0,0.001,0.0007,0.0073,0.2057,0.0
4-4-0,0.0025,0.0017,0.0076,0.2571,0.0006
4-6-0,0.0012,0.001,0.0074,0.2551,0.0
47_Ursae_Majoris,0.004,0.0007,0.0073,0.2081,0.0005
47_Ursae_Majoris_b,0.0032,0.0005,0.0072,0.1723,0.0
47_Ursae_Majoris_c,0.0027,0.0005,0.0072,0.1723,0.0
4_Vesta,0.0052,0.0017,0.0079,0.2831,0.0
4th_century,0.0077,0.0116,0.0177,0.3861,0.0003
55_Cancri,0.0057,0.002,0.0078,0.2713,0.0011
55_Cancri_b,0.0035,0.0012,0.0075,0.2135,0.0
55_Cancri_c,0.0032,0.001,0.0074,0.2135,0.0
55_Cancri_d,0.0037,0.001,0.0074,0.2135,0.0
55_Cancri_e,0.004,0.0005,0.0072,0.2134,0.0
5th_century,0.0089,0.0133,0.0186,0.3924,0.0004
6-2-0,0.0007,0.0002,0.0072,0.2045,0.0
6th_century,0.0109,0.0109,0.0163,0.38,0.0003
7th_century,0.0101,0.0151,0.0212,0.3921,0.0009
8th_century,0.0111,0.0128,0.0172,0.3855,0.0006
90377_Sedna,0.004,0.002,0.0078,0.2752,0.0001
9th_century,0.0111,0.0173,0.0228,0.4064,0.0007
ABO_blood_group_system,0.0049,0.0005,0.0072,0.2434,0.0002
AIDS,0.0099,0.0178,0.0192,0.3996,0.001
AK-47,0.0086,0.0012,0.0075,0.2771,0.0
ALCO_FA,0.0015,0.0005,0.0073,0.2548,0.0
ASCII,0.0012,0.0017,0.0081,0.3196,0.0001
AT&T,0.0025,0.0035,0.0084,0.3149,0.0002
A_Christmas_Carol,0.0042,0.001,0.0075,0.2827,0.0
A_Tale_of_a_Tub,0.004,0.0007,0.0073,0.2433,0.0
A_cappella,0.0027,0.002,0.0084,0.3322,0.0001
Aachen,0.0081,0.0047,0.0098,0.3371,0.0002
Aardvark,0.0049,0.0007,0.0073,0.2492,0.0
Aarhus,0.0062,0.0005,0.0077,0.3221,0.0
Abacus,0.0022,0.0022,0.009,0.3485,0.0001
Abadan,0.0027,0.0002,0.0072,0.2591,0.0
Abbasid,0.0042,0.0067,0.0125,0.3522,0.0
Abbey,0.0044,0.0022,0.0084,0.3214,0.0
Abbey_Theatre,0.004,0.002,0.0079,0.3047,0.0003
Abbot,0.0052,0.0037,0.0091,0.3348,0.0001
Abel_Tasman,0.0035,0.0012,0.0083,0.332,0.0
Aberdeen,0.0109,0.0054,0.0102,0.3471,0.0002
Aberration_of_light,0.0042,0.0002,0.0072,0.2589,0.0
Aberystwyth,0.003,0.001,0.0077,0.3021,0.0
Abhidhamma_Pitaka,0.0012,0.0005,0.0076,0.3125,0.0
Abidjan,0.0054,0.002,0.0094,0.3483,0.0001
Abkhazia,0.0077,0.0027,0.009,0.3297,0.0
Able_Archer_83,0.0035,0.0002,0.0074,0.3064,0.0
Abraham_Lincoln,0.0086,0.0143,0.0162,0.3938,0.0008
Absinthe,0.0089,0.0012,0.0075,0.279,0.0003
Absolute_zero,0.004,0.0022,0.0082,0.298,0.0001
Abstract_art,0.0015,0.0025,0.0085,0.3237,0.0
Abu_Dhabi,0.0057,0.0017,0.0089,0.3423,0.0001
Abuja,0.0012,0.002,0.0091,0.3441,0.0
Acceleration,0.0017,0.0049,0.0093,0.3135,0.0
Accountancy,0.0037,0.0012,0.0077,0.3139,0.0001
Accra,0.0032,0.0015,0.0089,0.3435,0.0
Acetic_acid,0.0146,0.004,0.0088,0.3124,0.0007
Acetone,0.0022,0.0035,0.0085,0.3138,0.0001
Achilles,0.0057,0.003,0.0085,0.3092,0.0001
Acid_rain,0.0069,0.0035,0.0096,0.3503,0.0002
Acorn_Computers,0.0057,0.0002,0.0072,0.2521,0.0
Actinium,0.004,0.0025,0.0082,0.2715,0.0
Action_potential,0.003,0.0025,0.008,0.286,0.0001
Actor,0.0032,0.0096,0.0108,0.3364,0.0004
Acts_of_Union_1707,0.0017,0.0049,0.0133,0.3882,0.0
Adam_Smith,0.0067,0.0094,0.0138,0.3795,0.0003
Addis_Ababa,0.002,0.0027,0.0093,0.3433,0.0
Adelaide,0.0054,0.004,0.0094,0.3439,0.0004
Adenosine_triphosphate,0.0032,0.004,0.0089,0.3212,0.0
Adolf_Hitler,0.0193,0.0249,0.0251,0.4105,0.0016
Advertising,0.0052,0.0099,0.0133,0.3915,0.0007
Aesthetics,0.0116,0.0086,0.0124,0.364,0.0008
Afghan_Hound,0.0022,0.0002,0.0074,0.2952,0.0
Afghanistan,0.0163,0.0323,0.0339,0.4189,0.0024
Africa,0.0523,0.1064,0.0774,0.4918,0.0264
African_American_literature,0.0072,0.0005,0.0073,0.2615,0.0
African_Buffalo,0.0047,0.0005,0.0073,0.2514,0.0
African_Darter,0.002,0.0002,0.0072,0.1937,0.0
African_Great_Lakes,0.0054,0.0022,0.0089,0.3381,0.0001
African_Grey_Parrot,0.0042,0.0002,0.0072,0.2548,0.0
African_Penguin,0.0035,0.0007,0.0074,0.2816,0.0
African_Union,0.022,0.0094,0.0161,0.3649,0.0005
African_Wild_Dog,0.0025,0.0007,0.0074,0.269,0.0
African_clawed_frog,0.0015,0.0007,0.0073,0.2416,0.0
African_dwarf_frog,0.0015,0.0002,0.0072,0.2414,0.0
African_slave_trade,0.0059,0.0017,0.0077,0.2939,0.0
Afrikaans,0.0104,0.0047,0.0107,0.3604,0.0003
Agamemnon,0.0027,0.0022,0.008,0.2926,0.0
Age_of_Enlightenment,0.0131,0.0138,0.0188,0.4041,0.0011
Aggregator,0.0015,0.0005,0.0072,0.2341,0.0
Agnosticism,0.0017,0.003,0.0114,0.3766,0.0
Agriculture,0.0141,0.056,0.0528,0.4745,0.0056
Airbus,0.0077,0.0027,0.0114,0.3796,0.0001
Airbus_A380,0.0101,0.0027,0.0099,0.3623,0.0003
Aircraft,0.0044,0.0109,0.013,0.368,0.0003
Aircraft_carrier,0.0096,0.0049,0.0104,0.3537,0.0001
Airship,0.0067,0.003,0.0092,0.3453,0.0003
Ajax_(programming),0.0005,0.0007,0.0073,0.2585,0.0
Akbar,0.004,0.0025,0.0085,0.3292,0.0001
Akhenaten,0.003,0.0012,0.0083,0.3341,0.0
Akira_Kurosawa,0.003,0.0007,0.0073,0.2482,0.0005
Akkadian_Empire,0.0037,0.0012,0.0078,0.3081,0.0
Akrotiri_and_Dhekelia,0.0037,0.0017,0.0087,0.3339,0.0
Aksumite_currency,0.0035,0.0002,0.0073,0.2697,0.0002
Al_Jazeera,0.0086,0.0017,0.0081,0.3097,0.0
Alan_Turing,0.0054,0.0027,0.0082,0.3044,0.0002
Albania,0.0343,0.02,0.0302,0.4195,0.0006
Albatross,0.0156,0.0025,0.0087,0.3363,0.0009
Albert_Einstein,0.0215,0.0212,0.0186,0.3874,0.0043
Alberto_Santos-Dumont,0.0059,0.001,0.0074,0.286,0.0
Albigensian_Crusade,0.0015,0.0022,0.0083,0.3232,0.0
Albinism,0.0022,0.0012,0.0075,0.2689,0.0003
Albrecht_Dürer,0.0069,0.003,0.0086,0.329,0.0001
Alchemy,0.0225,0.0126,0.0151,0.3773,0.0024
Alcibiades,0.003,0.0017,0.0079,0.3101,0.0001
Alcohol,0.0077,0.0116,0.015,0.3831,0.0013
Aleksandr_Pushkin,0.003,0.0022,0.0088,0.3391,0.0
Aleksandr_Vasilevsky,0.0025,0.0007,0.0074,0.2754,0.0
Alexander_Graham_Bell,0.0047,0.002,0.0085,0.3414,0.0002
Alexander_Hamilton,0.0057,0.0054,0.0106,0.3533,0.0001
Alexander_the_Great,0.0138,0.018,0.0183,0.3776,0.0009
Alfred_Hitchcock,0.0057,0.0037,0.0084,0.3031,0.0002
Alfred_Nobel,0.0037,0.0012,0.0085,0.3448,0.0001
Alfred_the_Great,0.0072,0.0047,0.0108,0.3606,0.0003
Algebra,0.0052,0.0047,0.0106,0.3531,0.0006
Algeria,0.0133,0.024,0.032,0.4191,0.0009
Algerian_Civil_War,0.004,0.0002,0.0074,0.2953,0.0
Algiers,0.0123,0.0035,0.01,0.354,0.0001
Algol,0.0027,0.0007,0.0075,0.2871,0.0
Algorithm,0.0049,0.0062,0.0098,0.3392,0.0007
Alice's_Adventures_in_Wonderland,0.0054,0.002,0.0078,0.2939,0.0003
All_Blacks,0.0035,0.0015,0.0081,0.3197,0.0002
Allah,0.0032,0.0042,0.0101,0.348,0.0
Allegory_in_the_Middle_Ages,0.0015,0.0005,0.0073,0.2816,0.0
Alligator,0.0035,0.0007,0.0075,0.2787,0.0
Alliterative_verse,0.0022,0.0007,0.0073,0.2375,0.0
Allosaurus,0.0064,0.0017,0.0078,0.2875,0.0003
Almaty,0.0015,0.0012,0.0079,0.3139,0.0
Almond,0.0081,0.0027,0.009,0.345,0.0002
Alpaca,0.0049,0.001,0.0078,0.3111,0.0
Alphabet,0.0035,0.0044,0.0093,0.3376,0.0001
Alternating_current,0.004,0.0052,0.0091,0.3185,0.0001
Alternation_of_generations,0.0012,0.0002,0.0072,0.2517,0.0
Alternative_rock,0.0064,0.004,0.0086,0.3139,0.0001
Aluminium,0.0198,0.0264,0.0204,0.3806,0.0029
Aluminium_chloride,0.0032,0.0015,0.0077,0.2785,0.0
Alzheimer's_disease,0.0022,0.003,0.009,0.3487,0.0001
Amaranth_oil,0.0005,0.0002,0.0072,0.206,0.0
"Amarillo,_Texas",0.0109,0.0007,0.0074,0.2633,0.0006
Amazon_Basin,0.003,0.003,0.0095,0.3442,0.0
Amazon_Rainforest,0.0072,0.004,0.0099,0.3477,0.0001
Amazon_River,0.0077,0.0049,0.011,0.3594,0.0001
Amazon_parrot,0.0017,0.0002,0.0072,0.2548,0.0
Amber,0.0136,0.004,0.0096,0.3449,0.0005
American_Civil_War,0.0084,0.0326,0.0243,0.4126,0.0014
American_English,0.0074,0.0064,0.0136,0.401,0.0006
American_Revolutionary_War,0.0069,0.0109,0.0157,0.4004,0.0005
American_Samoa,0.0044,0.004,0.0112,0.3782,0.0001
American_football,0.0037,0.0158,0.0178,0.4028,0.0003
American_popular_music,0.0101,0.0017,0.0096,0.3737,0.0017
Americium,0.0042,0.003,0.0083,0.2702,0.0
Amish,0.0052,0.0015,0.008,0.3265,0.0001
Ammolite,0.0106,0.0002,0.0072,0.2396,0.0
Ammonia,0.0141,0.0128,0.0148,0.3706,0.0014
Ammonite,0.0062,0.0025,0.0083,0.315,0.0003
Ammosaurus,0.0035,0.0002,0.0072,0.2652,0.0005
Amsterdam,0.0094,0.0146,0.0176,0.3946,0.0005
Amtrak,0.0116,0.0109,0.0144,0.3851,0.0035
Amur,0.004,0.002,0.0101,0.3593,0.0
Anaconda,0.0064,0.001,0.0078,0.3154,0.0002
Analytical_Marxism,0.0017,0.0007,0.0075,0.2883,0.0
Anarchism,0.0099,0.0111,0.0133,0.3559,0.0006
Anarcho-capitalism,0.0032,0.0012,0.0078,0.3055,0.0
Anatomy,0.0012,0.0072,0.0117,0.3659,0.0001
Ancient_Egypt,0.0165,0.0286,0.0258,0.4197,0.003
Ancient_Greece,0.016,0.0388,0.0332,0.4446,0.0057
Ancient_Rome,0.0217,0.043,0.0368,0.4511,0.0062
Ancient_history,0.0269,0.0035,0.0094,0.3487,0.0005
Andes,0.0047,0.0116,0.0143,0.3673,0.0005
Andorra,0.0133,0.0096,0.0223,0.4056,0.0002
Andrés_Nocioni,0.0027,0.0002,0.0073,0.2994,0.0
Andrew_Carnegie,0.0101,0.003,0.0083,0.3102,0.0002
Andrew_Dickson_White,0.0027,0.0005,0.0073,0.2551,0.0
Andrew_Jackson,0.004,0.0052,0.0101,0.3484,0.0001
Andrew_Johnson,0.002,0.004,0.0091,0.3112,0.0
Andrew_Robinson,0.0032,0.0002,0.0072,0.221,0.0
Andriyivskyy_Descent,0.0032,0.0002,0.0072,0.2751,0.0
Andromeda_Galaxy,0.0037,0.002,0.0079,0.2821,0.0
Andy_Warhol,0.0027,0.0035,0.0086,0.317,0.0001
Anemia,0.004,0.0052,0.0091,0.3225,0.0006
Angel_shark,0.0015,0.0002,0.0072,0.2465,0.0
Angelica,0.0015,0.0005,0.0072,0.2223,0.0
Angkor,0.0027,0.0015,0.008,0.3138,0.0003
Angkor_Wat,0.0049,0.0012,0.0079,0.3185,0.0
Anglican_Church_of_Australia,0.001,0.0015,0.0078,0.3014,0.0
Anglican_Communion,0.0074,0.0101,0.0158,0.3952,0.0009
Anglicanism,0.0136,0.0096,0.0165,0.3971,0.0013
Anglo-Saxon_literature,0.0086,0.0005,0.0073,0.2699,0.0001
Angola,0.0052,0.0178,0.0225,0.3915,0.0001
Anguilla,0.0035,0.0037,0.0122,0.3927,0.0
Animal,0.0072,0.0998,0.0445,0.4067,0.0062
Animal_law,0.0002,0.0002,0.0072,0.2608,0.0
Animal_rights,0.0064,0.0052,0.0103,0.3527,0.0007
Animation,0.0007,0.0052,0.01,0.3525,0.0003
Ankylosaurus,0.0064,0.0015,0.0077,0.2768,0.0
"Ann_Arbor,_Michigan",0.0081,0.0012,0.0076,0.2904,0.0
Anna_Karenina,0.0044,0.0012,0.0076,0.282,0.0
Anne_Frank,0.0109,0.0012,0.0086,0.3392,0.0001
Anne_of_Great_Britain,0.0079,0.0069,0.0119,0.3707,0.0007
Anno_Domini,0.0089,0.0143,0.022,0.4129,0.0005
Anschluss,0.0081,0.0032,0.0096,0.337,0.0003
Ant,0.0077,0.0057,0.0094,0.3096,0.0003
Antananarivo,0.0037,0.0005,0.0081,0.3315,0.0
Antarctic_Treaty_System,0.0133,0.0007,0.0078,0.3229,0.0
Antarctic_krill,0.0084,0.0007,0.0075,0.3104,0.0001
Antarctica,0.0158,0.0242,0.0247,0.4347,0.0047
Anteater,0.002,0.001,0.0077,0.3146,0.0002
Antelope,0.0057,0.004,0.0089,0.3262,0.0018
Anthony_van_Dyck,0.0044,0.0017,0.0083,0.3236,0.0
Anthropology,0.0104,0.0123,0.0149,0.382,0.0008
Antigua_and_Barbuda,0.0084,0.0062,0.0147,0.3985,0.0002
Antimony,0.0069,0.0047,0.0099,0.3357,0.0001
Antoine_Lavoisier,0.0064,0.0042,0.0099,0.3456,0.0002
Antonín_Dvořák,0.0052,0.0017,0.0083,0.3369,0.0001
Antonio_Vivaldi,0.0047,0.0027,0.0084,0.3241,0.0001
Antwerp,0.0133,0.0104,0.014,0.3736,0.0008
Apatosaurus,0.0037,0.002,0.0077,0.2352,0.0
Ape,0.0049,0.003,0.0085,0.3259,0.0001
Aphid,0.004,0.0017,0.0079,0.3054,0.0
Apollo,0.0059,0.0072,0.01,0.3282,0.0005
Apollo_11,0.0044,0.004,0.0106,0.3788,0.0006
Apollo_8,0.0054,0.002,0.0083,0.3287,0.0003
Apostolic_Succession,0.0035,0.0035,0.0094,0.3279,0.0
Apple,0.0168,0.0057,0.0103,0.3537,0.0013
Applied_mathematics,0.0025,0.002,0.0081,0.3132,0.0001
Apricot,0.0104,0.0015,0.0077,0.2973,0.0001
Aquarium,0.0138,0.0044,0.0094,0.3445,0.0009
Arab-Israeli_conflict,0.0062,0.0035,0.0097,0.3388,0.0
Arab_League,0.0111,0.0052,0.0118,0.3506,0.0001
Arabic_language,0.0141,0.0469,0.0457,0.4558,0.002
Arable_land,0.0049,0.0064,0.012,0.366,0.0003
Aral_Sea,0.004,0.0042,0.0097,0.3375,0.0001
Arcadia_(play),0.0025,0.0005,0.0073,0.2545,0.0
Archaeoastronomy,0.0086,0.0007,0.0075,0.2867,0.0003
Archaeology,0.0106,0.0178,0.0173,0.3927,0.001
Archaeopteryx,0.0052,0.0032,0.0088,0.3312,0.0003
Archbishop_of_Canterbury,0.0064,0.0163,0.0166,0.3802,0.0004
Archimedes,0.0054,0.0032,0.0092,0.3412,0.0001
Architecture,0.0106,0.0175,0.0191,0.4067,0.001
Arctic,0.0069,0.0121,0.0164,0.3965,0.0015
Arctic_Circle,0.0032,0.0049,0.0105,0.3568,0.0001
Arctic_Monkeys,0.0059,0.0012,0.0089,0.3546,0.0006
Arctic_Ocean,0.0059,0.0086,0.0178,0.4171,0.0005
Arctic_Tern,0.0077,0.0012,0.0077,0.2924,0.0003
Arecaceae,0.0106,0.0022,0.0082,0.3086,0.0002
Argan,0.0022,0.0002,0.0072,0.2718,0.0
Argentina,0.0402,0.0432,0.0403,0.4562,0.0086
Argon,0.0077,0.0109,0.0132,0.3516,0.0002
Argyle_diamond_mine,0.0032,0.0005,0.0072,0.1938,0.0003
Ariel_Sharon,0.0069,0.002,0.0087,0.3435,0.0001
Aristarchus_(crater),0.0027,0.0002,0.0073,0.2734,0.0
Aristotle,0.0091,0.0259,0.0221,0.4112,0.0016
Arithmetic,0.0025,0.0052,0.0098,0.3418,0.0005
Armadillo,0.0035,0.0025,0.0088,0.3386,0.0001
"Armand_Jean_du_Plessis,_Cardinal_Richelieu",0.0064,0.0005,0.0075,0.3003,0.0
Armenia,0.0459,0.022,0.03,0.4196,0.0017
Armia_Krajowa,0.0035,0.0012,0.0088,0.3473,0.0001
Arnold_Schwarzenegger,0.0044,0.0017,0.0082,0.3258,0.0001
Ars_moriendi,0.0032,0.0002,0.0072,0.2784,0.0
Arsenal_F.C.,0.0052,0.0025,0.0104,0.367,0.0002
Arsenic,0.0109,0.0081,0.0119,0.359,0.0005
Art,0.016,0.0262,0.0229,0.4099,0.0029
Arthropod,0.0025,0.0099,0.0116,0.3438,0.0002
Arthur_Sullivan,0.0059,0.0012,0.0076,0.2991,0.0005
"Arthur_Wellesley,_1st_Duke_of_Wellington",0.0106,0.0059,0.0099,0.3309,0.0002
Arts_and_crafts,0.003,0.0002,0.0074,0.3038,0.0
Aruba,0.0072,0.0054,0.0144,0.3971,0.0001
Arugula,0.002,0.0007,0.0073,0.2515,0.0
Ascariasis,0.0044,0.0002,0.0072,0.2648,0.0
Asia,0.0338,0.0788,0.0635,0.4812,0.0093
Asparagus,0.0042,0.0012,0.0076,0.2962,0.0
Asperger_syndrome,0.0064,0.0007,0.0074,0.2824,0.0001
Assyria,0.004,0.0067,0.0121,0.3575,0.0001
Astatine,0.0037,0.0017,0.008,0.2697,0.0
Asteroid,0.0047,0.0133,0.0135,0.3583,0.0008
Asthma,0.0032,0.0069,0.0098,0.3337,0.0001
Astrology,0.0116,0.0081,0.0112,0.352,0.0006
Astronomy,0.0185,0.021,0.018,0.3849,0.0046
Asunción,0.003,0.0015,0.0083,0.3307,0.0
Athanasius_Kircher,0.0126,0.0007,0.0075,0.306,0.0001
Atheism,0.0114,0.0099,0.0163,0.3944,0.001
Athena,0.0042,0.0057,0.0101,0.3435,0.0004
Athens,0.021,0.0202,0.0213,0.4113,0.0022
Athletics_(track_and_field),0.0017,0.0047,0.0105,0.3529,0.0
"Atlanta,_Georgia",0.0158,0.0121,0.0147,0.3902,0.0008
Atlantic_Coast_Line_Railroad,0.0017,0.0005,0.0072,0.2234,0.0
Atlantic_Ocean,0.0309,0.057,0.0529,0.4721,0.0094
Atlantic_slave_trade,0.0143,0.0035,0.0098,0.3493,0.0005
Atlantis,0.0123,0.0025,0.0083,0.321,0.0002
Atom,0.0104,0.0163,0.0156,0.3635,0.0013
Atonality,0.0025,0.001,0.008,0.3307,0.0
Attack_on_Pearl_Harbor,0.0072,0.0062,0.015,0.4021,0.0004
Attalus_I,0.003,0.0005,0.0073,0.256,0.0
Attention-deficit_hyperactivity_disorder,0.0015,0.0012,0.0076,0.281,0.0
Attila_the_Hun,0.0086,0.0037,0.0096,0.3326,0.0001
Auckland,0.0042,0.0059,0.01,0.3445,0.0001
"Augusta,_Lady_Gregory",0.0057,0.0002,0.0072,0.2843,0.0
Augustan_literature,0.0126,0.0002,0.0072,0.2765,0.0004
Auguste_Rodin,0.004,0.0015,0.0085,0.3435,0.0001
Augustine_of_Hippo,0.0052,0.0101,0.0134,0.366,0.0003
Augustus,0.0035,0.0094,0.0153,0.3816,0.0001
Australia,0.0212,0.1281,0.0795,0.5066,0.0142
Australian_English,0.0044,0.0017,0.0095,0.3616,0.0001
Australian_Green_Tree_Frog,0.0054,0.0005,0.0076,0.2904,0.0015
Australian_Open,0.0027,0.0047,0.0096,0.3439,0.0
Australian_rules_football,0.0062,0.0035,0.0096,0.3511,0.0001
Austria,0.0119,0.0541,0.0455,0.4443,0.0024
Autism,0.0057,0.0025,0.008,0.3085,0.0001
Auto_racing,0.0037,0.003,0.012,0.3918,0.0002
Autocracy,0.0015,0.0042,0.0116,0.363,0.0
Automated_teller_machine,0.0069,0.0012,0.0077,0.3069,0.0003
Automobile,0.0077,0.0202,0.021,0.4141,0.0014
Autorack,0.0032,0.0002,0.0072,0.278,0.0
Autumn,0.0059,0.0074,0.0107,0.3482,0.0002
Avacha_Volcano,0.0017,0.0002,0.0072,0.2338,0.0
Avalanche,0.004,0.0025,0.008,0.3041,0.0
Avocado,0.0099,0.002,0.0082,0.3265,0.0002
Avon_Gorge,0.0044,0.0007,0.0074,0.2821,0.0
Avro_Lancaster,0.0047,0.0005,0.0073,0.2787,0.0
Axe,0.0062,0.0022,0.0082,0.3238,0.0001
Ayaan_Hirsi_Ali,0.0077,0.001,0.0081,0.3331,0.0001
"Aymer_de_Valence,_2nd_Earl_of_Pembroke",0.0035,0.0002,0.0072,0.2373,0.0
Azerbaijan,0.0356,0.0188,0.0289,0.412,0.001
Azerbaijani_people,0.0116,0.0022,0.0093,0.3404,0.0001
Aztec,0.0044,0.0094,0.0117,0.3563,0.0003
BAE_Systems,0.0042,0.002,0.0094,0.3575,0.0001
BASIC,0.0012,0.0005,0.0074,0.3019,0.0
BBC,0.0099,0.0385,0.025,0.4034,0.0027
BBC_television_drama,0.0077,0.0012,0.0075,0.2736,0.0005
BP,0.0062,0.0017,0.0077,0.2913,0.0
BT_Tower,0.0027,0.0005,0.0072,0.2494,0.0
B_vitamins,0.0027,0.001,0.0075,0.2835,0.0001
Babe_Ruth,0.002,0.0017,0.0079,0.3032,0.0
Baboon,0.0015,0.001,0.0075,0.2909,0.0
Babur,0.0037,0.0027,0.0093,0.3397,0.0
Babylonia,0.0054,0.0074,0.0119,0.3541,0.0004
Backgammon,0.0077,0.0017,0.0079,0.3004,0.0
Bacteria,0.0101,0.0254,0.0204,0.3928,0.0024
Badger,0.0035,0.0022,0.0083,0.3271,0.0002
Badminton,0.0049,0.004,0.012,0.3766,0.0001
Baghdad,0.0079,0.0121,0.0179,0.3883,0.0003
Bahá'í_Faith,0.0089,0.0101,0.0208,0.4232,0.0004
Bahrain,0.0091,0.0114,0.0186,0.3732,0.0002
Baker_Island,0.0022,0.001,0.0094,0.3732,0.0
Bald_Eagle,0.0072,0.0015,0.0095,0.3747,0.0008
Baltic_Sea,0.0133,0.0126,0.0215,0.4089,0.0006
"Baltimore,_Maryland",0.0094,0.0064,0.0123,0.3855,0.0006
Bamako,0.004,0.001,0.0083,0.3324,0.0
Banana,0.0148,0.0084,0.0118,0.3486,0.0005
Bandicoot,0.0017,0.0007,0.0073,0.2308,0.0
Bangalore,0.0091,0.0032,0.0093,0.3469,0.0003
Bangkok,0.0072,0.0049,0.0113,0.3605,0.0001
Bangladesh,0.0123,0.023,0.0271,0.4162,0.0016
Banjul,0.0022,0.0017,0.009,0.3432,0.0
Banknote,0.004,0.0042,0.0106,0.3555,0.0001
Banksy,0.0027,0.0002,0.0072,0.2732,0.0
Bantu,0.0032,0.0064,0.0125,0.3554,0.0001
Barack_Obama,0.0119,0.0002,0.0072,0.2541,0.0
Barbados,0.0121,0.0143,0.0187,0.4082,0.0007
Barbara_McClintock,0.003,0.0015,0.0078,0.3123,0.0
Barbary_Lion,0.0044,0.0002,0.0072,0.2464,0.0
Barbary_Macaque,0.004,0.0002,0.0073,0.2989,0.0
Barcelona,0.0133,0.0116,0.0162,0.3904,0.0005
Barium,0.0072,0.0049,0.0097,0.3301,0.0001
Barley,0.0064,0.0079,0.0114,0.352,0.0002
Barn_Owl,0.0032,0.0005,0.0073,0.2685,0.0
Barnacle,0.0032,0.0015,0.0078,0.3091,0.0
Baroque,0.0101,0.0128,0.0142,0.3602,0.0011
Barracuda,0.0032,0.0002,0.0072,0.1837,0.0
Baruch_Spinoza,0.0094,0.0042,0.0102,0.3526,0.0001
Baseball,0.0064,0.0158,0.0191,0.4033,0.0011
Basel,0.0052,0.0042,0.0088,0.3169,0.0001
Basil,0.0042,0.004,0.0084,0.2685,0.0001
Basilica_of_San_Francesco_d'Assisi,0.0012,0.0002,0.0072,0.2437,0.0
Basilica_of_Santa_Maria_degli_Angeli,0.0005,0.0002,0.0072,0.2437,0.0
Basketball,0.0072,0.0215,0.0261,0.4273,0.0013
Basking_shark,0.0047,0.0012,0.0075,0.2592,0.0
Bass_(fish),0.0007,0.0005,0.0073,0.2817,0.0
Bassoon,0.0035,0.0017,0.0077,0.2738,0.0
Bat,0.0081,0.0059,0.0097,0.3411,0.0011
Bat-eared_Fox,0.0025,0.0002,0.0072,0.2646,0.0
"Bath,_Somerset",0.0156,0.001,0.0075,0.2839,0.0001
Bath_School_disaster,0.0025,0.0002,0.0072,0.1765,0.0
Batholith,0.002,0.0012,0.0077,0.3045,0.0
Batman,0.0015,0.0022,0.0079,0.3002,0.0003
Battle_of_Alesia,0.0025,0.0007,0.0074,0.2833,0.0
Battle_of_Amiens,0.0025,0.001,0.0081,0.3293,0.0
Battle_of_Austerlitz,0.004,0.0015,0.0079,0.3056,0.0001
Battle_of_Badr,0.003,0.0005,0.0073,0.2708,0.0
Battle_of_Bicocca,0.0027,0.0002,0.0072,0.211,0.0
Battle_of_Britain,0.0084,0.0035,0.0101,0.3518,0.0001
Battle_of_Cannae,0.0017,0.0007,0.0073,0.2551,0.0
Battle_of_France,0.0074,0.0022,0.0086,0.3182,0.0
Battle_of_Gettysburg,0.002,0.003,0.0103,0.3758,0.0
Battle_of_Grunwald,0.0057,0.0007,0.0076,0.3017,0.0
Battle_of_Hastings,0.003,0.0035,0.0102,0.359,0.0
Battle_of_Jutland,0.0027,0.0012,0.0083,0.3339,0.0
Battle_of_Lechaeum,0.0007,0.0002,0.0072,0.2355,0.0
Battle_of_Leyte_Gulf,0.004,0.0005,0.0084,0.3459,0.0
Battle_of_Marathon,0.0037,0.0022,0.0085,0.3289,0.0004
Battle_of_Midway,0.0044,0.0022,0.0091,0.3473,0.0003
Battle_of_Moscow,0.0037,0.0022,0.0094,0.3503,0.0003
Battle_of_Normandy,0.0106,0.004,0.0109,0.3599,0.0002
Battle_of_Rennell_Island,0.003,0.0007,0.0073,0.2572,0.0
Battle_of_Sitka,0.003,0.0002,0.0072,0.1761,0.0
Battle_of_Smolensk_(1943),0.0032,0.0005,0.0073,0.2754,0.0
Battle_of_Stalingrad,0.0054,0.0037,0.0128,0.3792,0.0004
Battle_of_Tours,0.0064,0.001,0.0091,0.3496,0.0
Battle_of_Vaslui,0.0022,0.0002,0.0075,0.3084,0.0
Battle_of_Warsaw_(1920),0.0052,0.0012,0.0076,0.2888,0.0
Battle_of_the_Bulge,0.0094,0.0015,0.0089,0.3471,0.0001
Battle_of_the_Eastern_Solomons,0.0047,0.001,0.0074,0.2579,0.0
Battle_of_the_Little_Bighorn,0.002,0.0005,0.0073,0.2672,0.0
Battle_of_the_Santa_Cruz_Islands,0.0032,0.001,0.0074,0.2579,0.0
Battle_of_the_Somme_(1916),0.0042,0.002,0.0085,0.3322,0.0
Bay_Area_Rapid_Transit,0.0022,0.0005,0.0076,0.316,0.0
Bay_of_Bengal,0.002,0.0057,0.0112,0.3535,0.0
Beach,0.0054,0.0072,0.0102,0.3405,0.0004
Bean,0.0017,0.0037,0.0088,0.3199,0.0
Bear,0.0072,0.0052,0.0092,0.3307,0.0003
Beatles_for_Sale,0.004,0.0007,0.0074,0.2781,0.0
Beaver,0.0079,0.003,0.009,0.3465,0.0002
Bedbug,0.0032,0.0002,0.0072,0.2636,0.0
Bede,0.003,0.0062,0.0109,0.3582,0.0001
Bee,0.0047,0.0059,0.0095,0.3237,0.0004
Beeching_Axe,0.0035,0.0012,0.0081,0.3286,0.0
Beekeeping,0.004,0.0015,0.0082,0.3333,0.0001
Beer,0.0131,0.0109,0.013,0.3681,0.0011
Beet,0.0059,0.0017,0.0079,0.3028,0.0
Beetle,0.0052,0.004,0.0087,0.323,0.0004
Behavioral_finance,0.0012,0.0002,0.0072,0.2683,0.0
Behistun_Inscription,0.0042,0.001,0.0077,0.3065,0.0
Beijing,0.0249,0.02,0.0235,0.4173,0.0018
Beirut,0.0106,0.0047,0.0116,0.3652,0.0001
Belarus,0.0133,0.0168,0.0244,0.4031,0.0007
Belfast,0.0047,0.0067,0.0123,0.3741,0.0001
Belgium,0.0151,0.0538,0.0512,0.4643,0.0037
Belize,0.0106,0.0091,0.0177,0.4083,0.0003
Ben_Jonson,0.0047,0.0035,0.0118,0.3822,0.0008
Ben_Nevis,0.004,0.0007,0.0093,0.3611,0.0002
Benin,0.0059,0.0133,0.022,0.4059,0.0001
Benito_Mussolini,0.0104,0.0054,0.0123,0.3705,0.0002
Benjamin_Britten,0.0022,0.003,0.0106,0.3742,0.0004
"Benjamin_Disraeli,_1st_Earl_of_Beaconsfield",0.0052,0.0052,0.0102,0.3465,0.0001
Benjamin_Franklin,0.0072,0.0079,0.0112,0.3571,0.0008
Benjamin_Harrison,0.0049,0.0032,0.0087,0.3101,0.0001
Benzene,0.0057,0.0042,0.0091,0.3328,0.0003
Berber_languages,0.0059,0.0032,0.012,0.3693,0.0001
Beriberi,0.0057,0.0015,0.0076,0.2812,0.0001
Berkelium,0.0037,0.0017,0.0079,0.2643,0.0
Berlin,0.0195,0.0311,0.028,0.4303,0.0021
Berlin_Wall,0.0057,0.0049,0.0134,0.3862,0.0001
Bermuda,0.0086,0.0099,0.0168,0.4107,0.0005
Bernard_Hinault,0.0012,0.001,0.0074,0.2577,0.0
Bertrand_Russell,0.017,0.0074,0.0125,0.3783,0.0008
Beryllium,0.0086,0.0044,0.0097,0.33,0.0002
Bette_Davis,0.0057,0.0017,0.0077,0.2877,0.0001
Bhutan,0.0121,0.0106,0.0169,0.3782,0.0006
Bible,0.0052,0.0353,0.0278,0.4245,0.001
Bicycle,0.0091,0.0064,0.0122,0.3784,0.0004
Bicycle_Thieves,0.0015,0.0002,0.0072,0.2219,0.0
Big_Bang,0.0114,0.0077,0.0117,0.364,0.0012
Bill_Clinton,0.0165,0.0151,0.0147,0.359,0.0014
Bill_Gates,0.0064,0.0035,0.0085,0.3188,0.0003
Billie_Holiday,0.002,0.002,0.0079,0.3002,0.0
Binary_star,0.0064,0.0044,0.0086,0.2705,0.0002
Binoculars,0.0017,0.003,0.0083,0.3066,0.0001
Binomial_nomenclature,0.003,0.0556,0.0256,0.3618,0.001
Biodiesel,0.0084,0.0047,0.01,0.3481,0.0023
Biodiversity,0.0099,0.0143,0.0174,0.3956,0.0012
Biofuel,0.0067,0.0035,0.0097,0.3519,0.0002
Bioinformatics,0.0044,0.0025,0.0085,0.3267,0.0002
Biology,0.0128,0.0202,0.0196,0.4062,0.0025
Biosphere,0.0054,0.0057,0.0101,0.3442,0.0002
Biotechnology,0.0067,0.0064,0.0109,0.3589,0.0004
Bird,0.0138,0.0474,0.0251,0.381,0.0091
Bird_migration,0.0106,0.0123,0.0114,0.3318,0.0026
Bird_of_prey,0.0025,0.0062,0.0097,0.3368,0.0002
Birmingham,0.02,0.0133,0.0135,0.3679,0.0023
Birth_control,0.0054,0.0047,0.0112,0.3675,0.0004
Bismuth,0.0091,0.0054,0.0097,0.3217,0.0003
Bison,0.0027,0.0022,0.008,0.303,0.0001
Bissau,0.0017,0.0015,0.009,0.343,0.0
Björn_Borg,0.0062,0.0017,0.0084,0.3352,0.0002
Bjørnøya,0.0037,0.001,0.0075,0.2905,0.0
Black-backed_Jackal,0.0022,0.0002,0.0072,0.2647,0.0
Black-winged_Stilt,0.0032,0.0005,0.0073,0.2595,0.0
Black_Death,0.0151,0.0114,0.0156,0.3859,0.0013
Black_Rhinoceros,0.0052,0.0005,0.0073,0.2674,0.0
Black_Sea,0.0059,0.0188,0.0236,0.4072,0.0004
Black_Wildebeest,0.003,0.0007,0.0073,0.2564,0.0
Black_hole,0.0062,0.0042,0.0092,0.3251,0.0002
Black_panther,0.0047,0.0002,0.0072,0.1498,0.0
Black_pepper,0.0111,0.0059,0.0093,0.315,0.0005
Blackbird,0.0035,0.0015,0.0076,0.2511,0.0
Blackcap,0.003,0.0002,0.0072,0.2492,0.0
Blackjack,0.0012,0.0005,0.0072,0.2402,0.0
Blackpool,0.0022,0.0012,0.0078,0.31,0.0
Blacktip_reef_shark,0.0017,0.0007,0.0073,0.2465,0.0002
Blade_Runner,0.0079,0.001,0.0075,0.2833,0.0001
Blaise_Pascal,0.0062,0.0057,0.0108,0.3615,0.0003
Blitzkrieg,0.0067,0.0052,0.0121,0.3701,0.0002
Blood_type,0.0012,0.0015,0.0079,0.3199,0.0003
Blue_Jay,0.0037,0.0005,0.0072,0.2303,0.0
Blue_Peter,0.0025,0.0007,0.0074,0.2683,0.0
Blue_Whale,0.0069,0.0005,0.0073,0.2653,0.0001
Blue_Wildebeest,0.0054,0.0022,0.0086,0.3302,0.0002
Blue_shark,0.004,0.0005,0.0073,0.2465,0.0
Bluegrass_music,0.0022,0.002,0.0081,0.316,0.0
Bluetooth,0.003,0.002,0.0081,0.3203,0.0001
Boa,0.0017,0.0007,0.0073,0.256,0.0
Board_game,0.0042,0.0044,0.0088,0.3168,0.0002
Boat,0.0017,0.004,0.0091,0.3347,0.0
Bob_Dylan,0.0109,0.0079,0.0103,0.3279,0.0006
Bob_Marley,0.0067,0.0015,0.0076,0.2782,0.0
Bobcat,0.003,0.002,0.0078,0.2823,0.0
Body_mass_index,0.0007,0.0005,0.0073,0.2617,0.0
Bodyline,0.003,0.0007,0.0075,0.2958,0.0
Boeing_747,0.0086,0.0047,0.0095,0.3423,0.0002
Bog,0.0072,0.0044,0.0092,0.3349,0.0004
Bogotá,0.0035,0.0035,0.0095,0.3453,0.0
Bohemian_Rhapsody,0.0052,0.0002,0.0072,0.2743,0.0
Bohrium,0.0042,0.0017,0.0079,0.2739,0.0
Bolivia,0.0151,0.0158,0.0189,0.3894,0.0009
Bologna,0.0096,0.0064,0.0114,0.3581,0.0002
Boltysh_crater,0.0022,0.0002,0.0072,0.243,0.0
Bongo_(antelope),0.0022,0.0002,0.0072,0.246,0.0002
Bonobo,0.0037,0.0022,0.0083,0.3287,0.0
Bontebok,0.002,0.0002,0.0072,0.246,0.0
Booby,0.003,0.0002,0.0072,0.2454,0.0
Book,0.0067,0.0052,0.0095,0.3369,0.0002
Book_of_Common_Prayer,0.0072,0.0035,0.0089,0.3078,0.0
Book_of_Kells,0.0054,0.0017,0.0092,0.3478,0.0001
Boolean_logic,0.002,0.0007,0.0075,0.3072,0.0003
Borage,0.0096,0.0022,0.0078,0.2622,0.0
Boris_Becker,0.0089,0.0022,0.008,0.3064,0.0007
Boron,0.0104,0.0064,0.0107,0.3315,0.0003
Bosnia_and_Herzegovina,0.0143,0.017,0.0273,0.4128,0.0004
"Boston,_Massachusetts",0.0079,0.0252,0.0214,0.4122,0.0023
Boston_RFC,0.0022,0.0002,0.0073,0.2919,0.0
Boston_Terrier,0.001,0.0002,0.0072,0.2481,0.0
Botany,0.0094,0.0059,0.0106,0.3548,0.0003
Botswana,0.0077,0.0136,0.0181,0.3768,0.0004
Bottlenose_Dolphin,0.0067,0.001,0.0077,0.3071,0.0002
Boudica,0.0054,0.0012,0.0083,0.3348,0.0003
Boundary_Waters_Canoe_Area_Wilderness,0.0044,0.0002,0.0072,0.2811,0.0
Bouvet_Island,0.0032,0.0005,0.0077,0.3153,0.0
Box_jellyfish,0.0025,0.0002,0.0072,0.238,0.0
Boy_Scout,0.002,0.0002,0.0072,0.2228,0.0
Brabantian,0.0022,0.0012,0.0076,0.2997,0.0
Brabham,0.0022,0.0005,0.0072,0.2615,0.0
Brachiosaurus,0.0072,0.001,0.0075,0.2655,0.0001
Brahman,0.0027,0.0027,0.0086,0.3314,0.0001
Brain,0.0133,0.0128,0.0129,0.3632,0.002
Bran,0.003,0.0017,0.008,0.3046,0.0
Brandon_Routh,0.0027,0.0002,0.0072,0.2356,0.0
Brasília,0.002,0.002,0.0089,0.343,0.0
Brass_instrument,0.0035,0.0017,0.0079,0.3115,0.0001
Bratislava,0.0119,0.003,0.0106,0.3661,0.0001
Brazil,0.0198,0.0598,0.0493,0.4686,0.0034
Bread,0.0158,0.0052,0.0095,0.3382,0.0004
Breaker_Morant,0.0035,0.0002,0.0072,0.2694,0.0
Bretton_Woods_system,0.0123,0.0027,0.0098,0.3492,0.0001
Bridge,0.0153,0.0074,0.0117,0.371,0.0017
Brighton,0.0059,0.0047,0.0099,0.3532,0.0004
Brisbane,0.0044,0.0047,0.0098,0.3504,0.0001
Bristol,0.0153,0.0148,0.0149,0.3759,0.0022
British_East_India_Company,0.0091,0.0109,0.0147,0.3708,0.0004
British_Empire,0.0319,0.0316,0.0357,0.4496,0.0039
British_English,0.0052,0.0077,0.0129,0.377,0.0004
British_House_of_Commons,0.0084,0.0212,0.0195,0.3884,0.0008
British_Indian_Ocean_Territory,0.0138,0.0047,0.0118,0.3548,0.0001
British_Isles,0.0195,0.0165,0.0204,0.417,0.0023
British_Isles_(terminology),0.0148,0.001,0.0081,0.3244,0.0
British_Virgin_Islands,0.0057,0.0032,0.0124,0.3942,0.0001
British_monarchy,0.0279,0.0156,0.0169,0.3801,0.0028
Britney_Spears,0.0067,0.002,0.0077,0.2652,0.0
Broadcasting,0.0044,0.0047,0.0114,0.3848,0.0001
Bromine,0.0072,0.0047,0.0094,0.3202,0.0002
Bronze_Age,0.0086,0.0136,0.0169,0.3907,0.0005
Brothers_Grimm,0.0015,0.002,0.0101,0.3649,0.0
Brown_trout,0.0047,0.0015,0.0076,0.2858,0.0
Bruce_Springsteen,0.0067,0.0012,0.0076,0.2826,0.0
Brunei,0.0062,0.0104,0.0197,0.4034,0.0001
Brush,0.0027,0.001,0.0075,0.2774,0.0
Brussels,0.0106,0.0156,0.0202,0.41,0.001
Brute_force_attack,0.001,0.001,0.0074,0.2663,0.0
Bryce_Canyon_National_Park,0.0111,0.0005,0.0073,0.272,0.0
Bucharest,0.0106,0.004,0.0135,0.3924,0.0005
Buckingham_Palace,0.0109,0.0059,0.0128,0.3811,0.0006
Buckminster_Fuller,0.0027,0.0007,0.0076,0.3052,0.0
Budapest,0.0121,0.0111,0.0161,0.3885,0.0011
Buddha,0.0025,0.0109,0.014,0.3736,0.0001
Buddhism,0.0123,0.0338,0.0381,0.4545,0.003
Buddhist_art,0.0101,0.0012,0.0077,0.3022,0.0
Buenos_Aires,0.0121,0.0101,0.0142,0.3754,0.0003
Buffy_the_Vampire_Slayer,0.0032,0.0015,0.0075,0.2512,0.0003
Bulgaria,0.0358,0.0259,0.0332,0.4278,0.0012
Bull_shark,0.0072,0.0012,0.0075,0.2593,0.0
Burkina_Faso,0.0096,0.0146,0.0206,0.3756,0.0003
Burundi,0.0081,0.0123,0.0195,0.3787,0.0002
Bushbuck,0.002,0.0002,0.0072,0.1974,0.0
Business,0.0044,0.0104,0.0137,0.3789,0.0003
Butter,0.0126,0.0042,0.0091,0.3299,0.0003
Button,0.0032,0.0005,0.0073,0.2701,0.0
Byzantine_Empire,0.0195,0.0301,0.0333,0.4223,0.0021
C++,0.0015,0.003,0.0082,0.3084,0.0002
Cædmon,0.003,0.001,0.0074,0.2818,0.0002
Côte_d'Ivoire,0.0109,0.0138,0.0235,0.4088,0.0004
C._S._Lewis,0.0099,0.0022,0.0081,0.3137,0.0006
CPU_cache,0.0005,0.0005,0.0074,0.3041,0.0
CS_gas,0.0077,0.0005,0.0074,0.2837,0.0
Cactus,0.0086,0.0022,0.0082,0.3218,0.0001
Cadmium,0.0094,0.0047,0.0098,0.3338,0.0001
Caesar_cipher,0.0022,0.0005,0.0073,0.2499,0.0002
Caesium,0.0081,0.0047,0.0095,0.3283,0.0004
Caesium_fluoride,0.0015,0.0002,0.0072,0.2472,0.0
Cai_Lun,0.0012,0.0002,0.0072,0.2671,0.0
Cairo,0.0099,0.0136,0.0203,0.3983,0.0006
Calcite,0.0015,0.0037,0.0092,0.338,0.0001
Calcium,0.0104,0.0205,0.0166,0.3646,0.0013
Calcium_chloride,0.0035,0.002,0.008,0.2861,0.0
Calculus,0.0072,0.0067,0.0106,0.3458,0.001
Calgary,0.0064,0.003,0.0086,0.3253,0.0001
California,0.0096,0.0563,0.0396,0.4561,0.0055
California_Southern_Railroad,0.0035,0.0002,0.0072,0.2176,0.0
Californium,0.0059,0.0032,0.0085,0.2691,0.0001
Calligraphy,0.0084,0.0032,0.0095,0.3502,0.0006
Caloris_Basin,0.0027,0.0002,0.0072,0.2506,0.0
Calvin_Coolidge,0.0047,0.0032,0.0086,0.3084,0.0
Calvin_and_Hobbes,0.0032,0.002,0.0078,0.2908,0.0002
Camarasaurus,0.0052,0.0012,0.0075,0.2289,0.0
Cambodia,0.0091,0.0193,0.0255,0.4228,0.0007
Cambrian,0.0064,0.0047,0.0098,0.3413,0.0002
Cambrian_explosion,0.0047,0.0025,0.009,0.3453,0.0001
Cambridge,0.0094,0.0089,0.0107,0.3371,0.001
Camel,0.0077,0.0059,0.0105,0.3482,0.0002
Cameroon,0.0079,0.0185,0.0263,0.4228,0.0004
Canada,0.0156,0.1291,0.0876,0.5114,0.0098
Canada_Goose,0.0049,0.0012,0.0075,0.2581,0.0003
Canadian_Charter_of_Rights_and_Freedoms,0.0047,0.0015,0.0091,0.3521,0.0
Canadian_English,0.0022,0.0012,0.0094,0.3599,0.0
Canadian_House_of_Commons,0.0025,0.0035,0.0095,0.3449,0.0
Canadian_Pacific_Railway,0.0116,0.003,0.0091,0.3415,0.0019
Canadian_Senate,0.0032,0.0025,0.0091,0.345,0.0
Canadian_football,0.0012,0.0022,0.0092,0.3455,0.0
Canal,0.0057,0.0091,0.012,0.3585,0.0003
Canaletto,0.0005,0.0012,0.008,0.3195,0.0
Canberra,0.0091,0.0049,0.0104,0.3595,0.0008
Cancer,0.0084,0.0222,0.0174,0.3894,0.0022
Cane_Toad,0.0064,0.0002,0.0072,0.2414,0.0
Canola,0.0017,0.0012,0.0077,0.2919,0.0
Canterbury,0.0072,0.0052,0.0094,0.318,0.0002
Canterbury_Cathedral,0.0037,0.003,0.0107,0.373,0.0001
Canute_the_Great,0.0057,0.004,0.0108,0.3633,0.0004
Capacitance,0.0032,0.0037,0.0089,0.319,0.0
Cape_Canaveral,0.0017,0.0017,0.0081,0.3194,0.0
Cape_Horn,0.0059,0.002,0.0081,0.318,0.0001
Cape_Lion,0.0025,0.0005,0.0073,0.2903,0.0
Cape_Town,0.0121,0.0084,0.0136,0.3733,0.0006
Cape_Verde,0.0069,0.0133,0.0215,0.4044,0.0003
Capital,0.0158,0.044,0.0391,0.4496,0.0026
Capitalism,0.0116,0.0212,0.0271,0.4344,0.0015
Capitoline_Triad,0.0015,0.0002,0.0072,0.2454,0.0
Caracas,0.0057,0.0027,0.0092,0.3389,0.0
Caratacus,0.0017,0.0002,0.0072,0.2763,0.0
Caravaggio,0.004,0.0015,0.0081,0.3301,0.0001
Carbon,0.0178,0.0247,0.0205,0.3778,0.0027
Carbon_dioxide,0.0119,0.0279,0.0241,0.418,0.0026
Carboniferous,0.0059,0.0074,0.0115,0.3622,0.0003
Carcinus_maenas,0.0096,0.0002,0.0072,0.2591,0.0
Card_game,0.0027,0.002,0.0079,0.306,0.0007
Cardiff,0.0077,0.0054,0.0112,0.3649,0.0003
Caribbean_Sea,0.0052,0.0138,0.0177,0.3952,0.0003
Carl_Friedrich_Gauss,0.0049,0.0042,0.0106,0.3655,0.0004
Carl_Jung,0.0072,0.0035,0.0087,0.3276,0.0004
Carl_Lewis,0.0044,0.0005,0.0074,0.3026,0.0
Carl_Sagan,0.0114,0.0032,0.0087,0.3316,0.0006
Carlsbad_Caverns_National_Park,0.0035,0.0002,0.0072,0.2718,0.0
Carnivore,0.0074,0.0084,0.0124,0.3751,0.0019
Caroline_Island,0.0059,0.0005,0.0073,0.2813,0.0
Carolus_Linnaeus,0.0057,0.0459,0.0254,0.3844,0.0018
Carrot,0.0067,0.0025,0.008,0.2902,0.0001
Casablanca_(film),0.0089,0.0005,0.0074,0.293,0.0
Casimir_effect,0.003,0.0005,0.0074,0.2841,0.0
Caspian_Sea,0.0042,0.0086,0.0157,0.3823,0.0001
Cassini-Huygens,0.0044,0.0032,0.0088,0.3312,0.0001
Cassowary,0.003,0.0007,0.0073,0.2598,0.0
Castra,0.0025,0.0012,0.0079,0.3222,0.0
Cat,0.0091,0.0072,0.0094,0.3107,0.0004
Cat's_Eye_Nebula,0.0032,0.0002,0.0072,0.2331,0.0
Cat_Stevens,0.0072,0.0002,0.0074,0.2962,0.0
Cataract,0.002,0.0015,0.0077,0.2872,0.0
Catherine_II_of_Russia,0.0059,0.0017,0.0081,0.3227,0.0001
Catholic_social_teaching,0.0044,0.0007,0.0078,0.3102,0.0
Cattle,0.0106,0.0178,0.0168,0.3856,0.0013
Cave,0.0077,0.0037,0.0092,0.3403,0.0003
Cayman_Islands,0.0054,0.0049,0.0131,0.3947,0.0006
Celeriac,0.0012,0.0002,0.0072,0.2229,0.0
Celery,0.0062,0.0044,0.0086,0.2869,0.0005
Celine_Dion,0.0072,0.001,0.0074,0.2523,0.0
Cell_(biology),0.0059,0.0131,0.0136,0.3602,0.0006
Cello,0.0057,0.0025,0.0081,0.2997,0.0001
Celtic_F.C.,0.0037,0.002,0.0097,0.3611,0.0003
Celtic_Park,0.0015,0.0005,0.0073,0.2844,0.0
Celtic_mythology,0.0044,0.0022,0.0081,0.3231,0.0001
Central_African_Republic,0.0089,0.0119,0.0192,0.3729,0.0003
Central_processing_unit,0.0027,0.0054,0.0094,0.3321,0.0002
Ceratopsidae,0.003,0.0012,0.0076,0.2666,0.0004
Cereal,0.0094,0.0156,0.0169,0.3876,0.0011
Cerebellum,0.0047,0.0015,0.0077,0.2897,0.0001
Ceres_(dwarf_planet),0.0079,0.0015,0.0078,0.2812,0.0
Cerium,0.0072,0.0032,0.0084,0.27,0.0
Chad,0.0373,0.0151,0.0213,0.3815,0.0004
Chadian-Sudanese_conflict,0.0054,0.0002,0.0072,0.2674,0.0
Chaffinch,0.0047,0.0002,0.0072,0.2492,0.0
Channel_Islands,0.0081,0.0059,0.0132,0.3813,0.0002
Charlemagne,0.0121,0.0136,0.0195,0.3957,0.0007
Charles_Babbage,0.004,0.0025,0.0082,0.3219,0.0001
Charles_Darwin,0.0138,0.0138,0.0164,0.4128,0.0025
Charles_Dickens,0.0059,0.0091,0.014,0.3913,0.0011
Charles_Etienne_Brasseur_de_Bourbourg,0.0049,0.0007,0.0073,0.2617,0.0
Charles_II_of_England,0.0121,0.0168,0.0162,0.3785,0.0012
Charles_I_of_England,0.0101,0.0151,0.0144,0.3512,0.0006
Charles_Sumner,0.0032,0.0012,0.0078,0.2944,0.0
"Charles_V,_Holy_Roman_Emperor",0.0064,0.0099,0.0137,0.3649,0.0007
Charlie_Chaplin,0.0077,0.0022,0.0082,0.3201,0.0001
Charlotte's_Web,0.0015,0.0002,0.0072,0.246,0.0
Chartism,0.0044,0.0002,0.0072,0.2751,0.0
Che_Guevara,0.0143,0.0022,0.0087,0.3275,0.0001
Cheers,0.0047,0.0012,0.0077,0.3051,0.0003
Cheese,0.0185,0.0057,0.0111,0.3622,0.001
Cheetah,0.0111,0.0022,0.0085,0.3316,0.0004
Chelsea_F.C.,0.0054,0.0025,0.0101,0.366,0.0003
Chemical_element,0.0084,0.0336,0.0234,0.3664,0.001
Chemical_synapse,0.0007,0.0012,0.0076,0.2722,0.0
Chemistry,0.0121,0.0193,0.0176,0.3844,0.0018
Chennai,0.0111,0.0042,0.0102,0.3501,0.0002
Chernobyl_disaster,0.0123,0.0007,0.0075,0.3053,0.0
Chess,0.0059,0.0084,0.0134,0.3715,0.0003
Chester_A._Arthur,0.0044,0.0015,0.0079,0.2989,0.0
Chestnut,0.0044,0.0032,0.0085,0.3276,0.0003
Chew_Magna,0.0054,0.001,0.0075,0.2741,0.0011
Chew_Stoke,0.0059,0.0007,0.0073,0.2155,0.0
Chew_Valley,0.0101,0.0007,0.0073,0.2155,0.0004
Chew_Valley_Lake,0.0081,0.001,0.0074,0.2285,0.0006
Chicago,0.0084,0.036,0.0263,0.4199,0.0015
Chicago_Bears,0.0017,0.0007,0.0075,0.2982,0.0
Chicago_and_North_Western_Railway,0.0017,0.001,0.0075,0.2784,0.0003
Chicken,0.0121,0.0069,0.0101,0.3383,0.0007
Child,0.0027,0.0015,0.0077,0.3052,0.0
Children's_Crusade,0.0049,0.0012,0.0076,0.2829,0.0
Children's_rights_movement,0.0027,0.001,0.0076,0.2927,0.0
Chile,0.0178,0.0274,0.0278,0.424,0.0015
Chimpanzee,0.0059,0.0059,0.0098,0.3417,0.0003
China,0.0222,0.1126,0.0822,0.5078,0.0113
Chinese_language,0.0116,0.0277,0.0293,0.4431,0.0015
Chinyingi,0.0012,0.0002,0.0072,0.2468,0.0
Chives,0.0062,0.0027,0.008,0.2668,0.0
Chlorine,0.0101,0.0156,0.015,0.3663,0.0009
Chocolate,0.0067,0.0042,0.0091,0.3357,0.0005
Chola_dynasty,0.0069,0.0017,0.008,0.3062,0.0
Cholera,0.0072,0.0084,0.0114,0.3585,0.0005
Chordate,0.002,0.0662,0.0302,0.3672,0.0003
Chris_Evert,0.0037,0.0015,0.0078,0.3063,0.0004
Christian_Bale,0.0054,0.001,0.0074,0.2655,0.0001
Christian_monasticism,0.0064,0.0015,0.0087,0.3418,0.0004
Christianity,0.0121,0.0817,0.073,0.4871,0.0036
Christina_Aguilera,0.0084,0.0012,0.0076,0.2908,0.0001
Christmas_Island,0.0089,0.0044,0.0116,0.357,0.0005
Christopher_Columbus,0.0101,0.016,0.0201,0.4081,0.0007
Christopher_Wren,0.0086,0.0037,0.0108,0.3741,0.0005
Chromatic_aberration,0.001,0.0007,0.0074,0.2747,0.0
Chromatophore,0.0035,0.0002,0.0072,0.2119,0.0
Chromium,0.0086,0.0081,0.0112,0.3434,0.0002
Church_of_England,0.0084,0.0212,0.0202,0.3945,0.0007
Church_of_Ireland,0.0077,0.0069,0.0129,0.3684,0.0003
Cider,0.0072,0.0022,0.0082,0.3274,0.0001
Cinema_of_the_United_States,0.0074,0.003,0.0101,0.3746,0.0025
Citizen_Kane,0.0057,0.0015,0.0076,0.2771,0.0001
Citizenship,0.0059,0.0077,0.0125,0.3551,0.0002
Citrus,0.0057,0.0077,0.0123,0.367,0.0008
City,0.0175,0.016,0.0188,0.4087,0.0013
City_status_in_the_United_Kingdom,0.0126,0.0081,0.0135,0.3762,0.001
Civil_rights,0.0047,0.0074,0.0113,0.3538,0.0002
Civil_society,0.0047,0.0035,0.01,0.3504,0.0002
Civilization,0.0299,0.0136,0.0191,0.4003,0.0021
Civilization_(computer_game),0.0059,0.001,0.0075,0.2931,0.0001
Clarinet,0.0035,0.0044,0.0087,0.3071,0.0001
Classic_female_blues,0.0002,0.0005,0.0073,0.2724,0.0
Claude_Lévi-Strauss,0.0032,0.0012,0.0078,0.3204,0.0
Claude_Monet,0.003,0.0022,0.0086,0.341,0.0
Claudius,0.0032,0.0037,0.0095,0.3389,0.0
Clay,0.0037,0.0123,0.0128,0.3597,0.0002
Cleopatra_VII,0.0044,0.0035,0.0092,0.3319,0.0001
"Cleveland,_Ohio",0.0094,0.0064,0.01,0.3363,0.0003
Clifton_Suspension_Bridge,0.0022,0.001,0.0075,0.2821,0.0
Climate,0.002,0.0319,0.0363,0.4397,0.0004
Climate_change,0.0077,0.0114,0.0135,0.3693,0.0009
Clock,0.0064,0.0027,0.0095,0.3559,0.0003
Clone_Wars_(Star_Wars),0.0035,0.001,0.0074,0.2484,0.0
Clothing,0.0079,0.0064,0.011,0.3574,0.0004
Cloud,0.0052,0.0074,0.0105,0.3493,0.0003
Coal,0.0151,0.0289,0.0276,0.4387,0.0035
Cobalt,0.0099,0.0064,0.0107,0.3454,0.0003
Coccinellidae,0.0025,0.001,0.0075,0.2765,0.0
Cochineal,0.0084,0.0007,0.0074,0.2963,0.0
Cockatiel,0.002,0.0005,0.0073,0.2549,0.0
Cocoa,0.0077,0.0062,0.0122,0.3594,0.0003
Coconut,0.0086,0.0064,0.0102,0.3308,0.0004
Coconut_crab,0.0081,0.0007,0.0074,0.2766,0.0001
Coconut_oil,0.0007,0.0012,0.0076,0.2992,0.0
Cocos_(Keeling)_Islands,0.0059,0.004,0.0115,0.3593,0.0
Cod,0.0032,0.0032,0.01,0.3504,0.0001
Code_of_Hammurabi,0.0022,0.002,0.0088,0.335,0.0
Coffee,0.0069,0.0141,0.018,0.385,0.0004
Coin,0.0052,0.0067,0.0115,0.3565,0.0002
Cold_War,0.0096,0.0375,0.0397,0.4545,0.0017
Colima_(volcano),0.001,0.0005,0.0074,0.305,0.0
Collapse_of_the_World_Trade_Center,0.001,0.0002,0.0073,0.2857,0.0
Colley_Cibber,0.0035,0.0017,0.0076,0.2629,0.0001
Cologne,0.0141,0.0109,0.0143,0.3713,0.0003
Colombia,0.0081,0.023,0.0255,0.4232,0.0004
Colombo,0.0042,0.0025,0.009,0.3391,0.0
Color,0.0047,0.0388,0.0257,0.386,0.002
Color_blindness,0.0032,0.002,0.008,0.3081,0.0001
Colorado_River,0.0035,0.0025,0.0085,0.3331,0.0003
Colossus_of_Rhodes,0.002,0.0002,0.0072,0.2325,0.0
Columba,0.0025,0.003,0.0089,0.3339,0.0
Columbia_River,0.0054,0.004,0.0087,0.3161,0.0001
Columbine_High_School_massacre,0.0035,0.0005,0.0072,0.2143,0.0003
"Columbus,_Ohio",0.0096,0.0032,0.0086,0.323,0.0003
Comet,0.0099,0.0104,0.0118,0.3423,0.0015
Comet_Hale-Bopp,0.0064,0.0007,0.0074,0.2551,0.0003
Comet_Halley,0.0047,0.002,0.008,0.311,0.0002
Comet_Hyakutake,0.0054,0.001,0.0074,0.2551,0.0003
Comet_Shoemaker-Levy_9,0.0067,0.0017,0.008,0.2973,0.0001
Comics,0.0062,0.0015,0.0076,0.2717,0.0001
Comma_Johanneum,0.0044,0.0002,0.0072,0.2592,0.0
Commodore_64,0.0032,0.003,0.008,0.2613,0.0001
Common_Cuckoo,0.004,0.0005,0.0072,0.2405,0.0003
Common_Eland,0.0022,0.0002,0.0072,0.246,0.0
Common_Hazel,0.0069,0.0002,0.0072,0.206,0.0
Common_Tern,0.0035,0.0005,0.0072,0.2308,0.0
Common_cold,0.0067,0.0017,0.0078,0.2941,0.0001
Common_sage,0.0032,0.0037,0.0083,0.2641,0.0
Commonwealth_Games,0.0274,0.0042,0.0123,0.3789,0.0008
Communication,0.0035,0.0084,0.012,0.3674,0.0002
Communism,0.0146,0.0398,0.0391,0.4458,0.0016
Community,0.0084,0.0027,0.0086,0.3251,0.0002
Comoros,0.0064,0.0121,0.0201,0.378,0.0001
Compact_Disc,0.0017,0.0077,0.0102,0.3393,0.0002
Company_(law),0.0017,0.0017,0.0081,0.3195,0.0
Compsognathus,0.0044,0.0005,0.0073,0.2692,0.0
Computational_chemistry,0.0025,0.001,0.0076,0.2902,0.0
Computer,0.0089,0.0207,0.0214,0.4319,0.0072
Computer_and_video_games,0.0079,0.0042,0.0088,0.3243,0.0005
Computer_programming,0.0025,0.0022,0.008,0.3089,0.0
Computer_science,0.0042,0.0099,0.0118,0.3548,0.0004
Conakry,0.0015,0.001,0.0087,0.3425,0.0
Concorde,0.0106,0.002,0.0079,0.3099,0.0002
Condoleezza_Rice,0.0225,0.0035,0.0101,0.3444,0.0004
Conflict,0.0027,0.001,0.008,0.3329,0.0
Confucianism,0.0091,0.0081,0.0149,0.3805,0.0004
Confucius,0.0047,0.0064,0.0099,0.3328,0.0001
Congo_River,0.0052,0.0059,0.0114,0.3523,0.0001
Consolation_of_Philosophy,0.0017,0.0017,0.0077,0.2891,0.0
Constantine_I,0.0077,0.0027,0.0096,0.34,0.0001
Constantine_II_of_Scotland,0.0022,0.0007,0.0074,0.2701,0.0
"Constitution_of_May_3,_1791",0.0062,0.0002,0.0072,0.2643,0.0
Constitutional_monarchy,0.0079,0.017,0.0299,0.4312,0.0006
Constructivism_(art),0.0032,0.0015,0.0079,0.3159,0.0004
Consumer_protection,0.002,0.0005,0.0074,0.2963,0.0
Contact_lens,0.0052,0.001,0.0075,0.2851,0.0003
Continent,0.0138,0.0146,0.0186,0.3989,0.0011
Continental_crust,0.0012,0.003,0.0086,0.3263,0.0
Convention_on_the_International_Trade_in_Endangered_Species_of_Wild_Flora_and_Fauna,0.001,0.0005,0.0072,0.1887,0.0
Convention_on_the_Rights_of_the_Child,0.0017,0.001,0.0075,0.2834,0.0
Cook_Islands,0.0047,0.0042,0.0099,0.3454,0.0
Cookiecutter_shark,0.0022,0.0005,0.0073,0.2465,0.0
Cooperative,0.004,0.0044,0.0093,0.3328,0.0001
Coot,0.0027,0.0002,0.0072,0.2687,0.0
Copenhagen,0.0057,0.0101,0.015,0.387,0.0004
Copper,0.0165,0.0368,0.0286,0.4142,0.0042
Copper(I)_chloride,0.0015,0.0007,0.0075,0.2931,0.0
Coriander,0.0089,0.0032,0.0081,0.2631,0.0001
Corinthian_War,0.0022,0.0012,0.0077,0.3081,0.0004
Cormorant,0.0054,0.0022,0.0083,0.3277,0.0003
Corn_oil,0.0012,0.0007,0.0073,0.2554,0.0
Cornea,0.0017,0.0032,0.0082,0.2859,0.0001
Cornell_University,0.0168,0.0064,0.0095,0.3262,0.0014
Coronation_Street,0.0057,0.0027,0.0082,0.3112,0.0001
Corporate_finance,0.0025,0.0005,0.0073,0.2941,0.0003
Corporation,0.0049,0.0094,0.0142,0.3947,0.0004
Corrosion,0.0081,0.0096,0.0117,0.3444,0.0002
Corundum,0.0022,0.0017,0.0081,0.3,0.0
Cosmic_inflation,0.0047,0.0027,0.0085,0.3097,0.0
Cosmic_microwave_background_radiation,0.0042,0.0027,0.0084,0.3233,0.0001
Costa_Rica,0.0091,0.0096,0.0168,0.4035,0.0005
Costume_design,0.0012,0.0002,0.0072,0.1659,0.0
Cotopaxi,0.0015,0.0007,0.0075,0.2998,0.0
Cotswolds,0.002,0.0022,0.0096,0.3592,0.0
Cotton,0.0079,0.0185,0.0198,0.3873,0.0008
Coulomb's_law,0.0027,0.003,0.0086,0.3105,0.0
Country,0.0047,0.0193,0.0294,0.4348,0.0004
Coupling_(railway),0.0057,0.0005,0.0073,0.2568,0.0005
Coventry,0.0128,0.0042,0.0099,0.351,0.0003
Crab_Nebula,0.0047,0.0005,0.0074,0.2844,0.0
Crash_test_dummy,0.004,0.0002,0.0072,0.246,0.0
Craters_of_the_Moon_National_Monument_and_Preserve,0.0104,0.0005,0.0073,0.2794,0.0
Craton,0.001,0.0027,0.0089,0.3441,0.0
Creation-evolution_controversy,0.0133,0.001,0.0077,0.3043,0.0001
Creationism,0.0131,0.0035,0.0088,0.3325,0.0003
Creative_Commons,0.0017,0.001,0.0074,0.2295,0.0001
Cretaceous,0.0121,0.018,0.0149,0.3636,0.0021
Cretaceous-Tertiary_extinction_event,0.0081,0.0042,0.0091,0.3209,0.001
Cricket,0.0067,0.0195,0.0236,0.419,0.0013
Crime,0.0057,0.0094,0.0152,0.4017,0.0005
Crime_and_Punishment,0.0084,0.001,0.0075,0.278,0.0
Crimean_Karaites,0.0062,0.0002,0.0072,0.2589,0.0
Crimean_War,0.0062,0.0064,0.0128,0.3706,0.0006
Croatia,0.0311,0.0225,0.0293,0.416,0.0007
Crocodile,0.0049,0.0062,0.0105,0.3426,0.0003
Crohn's_disease,0.0044,0.0005,0.0073,0.2545,0.0001
Cross_Fell,0.0017,0.0002,0.0072,0.2073,0.0
Crow,0.0069,0.0044,0.0089,0.3223,0.0004
Crown_Jewels_of_the_United_Kingdom,0.0074,0.0007,0.0075,0.2882,0.0
Crusades,0.0126,0.0081,0.0149,0.3898,0.001
Crust_(geology),0.0022,0.0094,0.0128,0.3632,0.0001
Crustacean,0.0032,0.0074,0.0112,0.3652,0.0003
Cryptography,0.0094,0.0047,0.0092,0.3331,0.0014
Crystal,0.003,0.0143,0.014,0.3631,0.0002
Cuba,0.0175,0.0368,0.0346,0.4384,0.0026
Cubeb,0.0062,0.0027,0.0084,0.315,0.0001
Cubism,0.0027,0.0042,0.0092,0.3387,0.0001
Cuckmere_Haven,0.0017,0.0002,0.0072,0.2252,0.0
Cultivar,0.0007,0.0094,0.011,0.3278,0.0
Cultural_diversity,0.0012,0.0002,0.0072,0.2649,0.0
Cultural_identity,0.0012,0.0017,0.0091,0.3477,0.0
Culture,0.0143,0.0232,0.0267,0.4424,0.0018
Curium,0.0062,0.0027,0.0082,0.276,0.0
Currency,0.0054,0.0704,0.0859,0.4804,0.0018
Cyanocobalamin,0.004,0.0012,0.0075,0.267,0.0001
Cyberpunk,0.0044,0.001,0.0075,0.2841,0.0
Cyclops,0.0022,0.0022,0.008,0.3074,0.0
Cymbopogon,0.003,0.0027,0.008,0.2659,0.0
Cyprus,0.0146,0.024,0.0309,0.4209,0.0014
Cyrus_the_Great,0.0057,0.002,0.009,0.3361,0.0
Cystic_fibrosis,0.0049,0.0017,0.0078,0.3072,0.0001
Czech_Republic,0.0084,0.0244,0.0305,0.4229,0.0003
Dál_Riata,0.0044,0.003,0.0084,0.3144,0.0001
Düsseldorf,0.0069,0.0025,0.0099,0.3537,0.0001
DNA,0.0077,0.023,0.0197,0.4113,0.0023
DNA_repair,0.0032,0.0017,0.0081,0.3189,0.0
DVD,0.001,0.0146,0.0126,0.344,0.0
Dada,0.0064,0.0027,0.0088,0.3367,0.0
Dakar,0.0052,0.0032,0.0099,0.35,0.0001
"Dakota,_Minnesota_and_Eastern_Railroad",0.0032,0.0002,0.0072,0.2178,0.0
"Dallas,_Texas",0.0096,0.0064,0.0121,0.382,0.0005
Dam,0.0064,0.0086,0.0117,0.3614,0.0004
Damascus,0.0089,0.0096,0.0149,0.3796,0.0006
Damascus_steel,0.0049,0.0005,0.0075,0.3137,0.0
Damon_Hill,0.003,0.0012,0.0089,0.354,0.0005
Dance,0.0067,0.0067,0.0117,0.3653,0.0002
Dandelion,0.0052,0.0015,0.0078,0.2939,0.0002
Daniel_Day-Lewis,0.0022,0.0005,0.0074,0.2976,0.0001
Daniel_Ellsberg,0.0035,0.0002,0.0072,0.2491,0.0
Danske_Statsbaner,0.002,0.0002,0.0076,0.3201,0.0
Dante_Alighieri,0.0037,0.0094,0.0126,0.3632,0.0001
Danube,0.0091,0.0106,0.0162,0.3721,0.0001
Darfur_conflict,0.0074,0.003,0.0098,0.3413,0.0001
Dark_Ages,0.0059,0.0062,0.0138,0.3838,0.0001
Darling_River,0.0015,0.0007,0.0073,0.2794,0.0
Darmstadtium,0.003,0.0015,0.0078,0.2689,0.0
Darth_Vader,0.0035,0.0015,0.0076,0.2504,0.0
Dartmoor,0.0017,0.0012,0.0076,0.2935,0.0
Das_Kapital,0.0022,0.0012,0.0079,0.3113,0.0
Data_Encryption_Standard,0.0012,0.001,0.0074,0.2542,0.0
David_Attenborough,0.0089,0.0007,0.0075,0.298,0.0001
David_Beckham,0.0052,0.0015,0.0076,0.2822,0.0
David_Cameron,0.0143,0.0017,0.0079,0.2976,0.0001
David_Copperfield_(novel),0.003,0.001,0.0075,0.2868,0.0
David_Hilbert,0.0032,0.0027,0.0095,0.3564,0.0001
David_Hume,0.0089,0.0079,0.0125,0.361,0.0003
David_Livingstone,0.0044,0.0027,0.009,0.3395,0.0001
Davis_Cup,0.0131,0.0037,0.0088,0.3224,0.0003
Day,0.0047,0.0173,0.0143,0.3554,0.001
Dayuan,0.0027,0.0002,0.0072,0.1977,0.0002
Dead_Sea,0.0119,0.0044,0.01,0.3494,0.0006
Dead_Sea_scrolls,0.0035,0.0007,0.0075,0.2984,0.0
Death_Valley_National_Park,0.0128,0.001,0.0074,0.283,0.0001
Decade_Volcanoes,0.0069,0.0007,0.0075,0.3051,0.0001
Deconstructivism,0.0027,0.0005,0.0073,0.2527,0.0
Definition_of_planet,0.0077,0.0022,0.008,0.281,0.0
Deinonychus,0.003,0.0015,0.0076,0.2681,0.0
Deity,0.0054,0.0077,0.0121,0.3709,0.0005
Delhi,0.0101,0.0099,0.013,0.3656,0.0003
Deluge_(mythology),0.0074,0.0027,0.0093,0.3462,0.0004
Demand_Note,0.003,0.0002,0.0074,0.3057,0.0
Democracy,0.0109,0.0358,0.0401,0.4416,0.0015
Democratic_Action_Party,0.0005,0.0007,0.0073,0.2387,0.0
Democratic_Republic_of_the_Congo,0.0358,0.018,0.023,0.3957,0.0018
Demosthenes,0.0077,0.0017,0.008,0.3132,0.0001
Denis_Law,0.0022,0.0002,0.0072,0.264,0.0
Denmark,0.0126,0.0531,0.0496,0.4707,0.0027
Dennis_Ritchie,0.002,0.0005,0.0073,0.2355,0.0
"Denver,_Colorado",0.0044,0.0047,0.011,0.3776,0.0002
Derby,0.0077,0.0025,0.0082,0.317,0.0001
Desert,0.0057,0.0123,0.02,0.4211,0.0006
Desert_locust,0.0114,0.0005,0.0073,0.2745,0.0
Desmond_Tutu,0.0072,0.0025,0.0086,0.3333,0.0001
Despotism,0.002,0.0035,0.0095,0.3466,0.0
"Detroit,_Michigan",0.0138,0.0079,0.0133,0.3868,0.0016
Devonian,0.0084,0.0057,0.0103,0.3513,0.0005
Diabetes_mellitus,0.0052,0.003,0.0084,0.3182,0.0002
Diamond,0.0178,0.0151,0.0153,0.3701,0.0025
Diamond_cut,0.0064,0.0002,0.0072,0.1761,0.0
Diamond_simulant,0.0094,0.0007,0.0074,0.2716,0.0006
Diane_Keaton,0.003,0.0005,0.0072,0.2182,0.0
Dice,0.0079,0.002,0.0082,0.3173,0.0002
Dido_and_Aeneas,0.003,0.0012,0.0077,0.2976,0.0
Diego_Garcia,0.0057,0.0007,0.0076,0.3028,0.0
Diego_Maradona,0.0047,0.0012,0.0079,0.3196,0.0
Diego_Velázquez,0.0091,0.0017,0.008,0.3126,0.0001
Differential_equation,0.003,0.0042,0.009,0.3228,0.0001
Dik-dik,0.0037,0.0002,0.0072,0.246,0.0
Dill,0.0119,0.0025,0.008,0.295,0.0003
Dilophosaurus,0.003,0.0005,0.0073,0.2251,0.0
Dimetrodon,0.003,0.0012,0.0078,0.3027,0.0
Dingo,0.0025,0.0017,0.0084,0.3381,0.0
Dinosaur,0.0222,0.02,0.0153,0.3609,0.0089
Diplodocus,0.0062,0.0022,0.0079,0.2693,0.0001
Distilled_beverage,0.0044,0.0017,0.0079,0.3049,0.0
Dixie_Mission,0.0032,0.0002,0.0072,0.2734,0.0
Djibouti,0.0383,0.0116,0.0192,0.3753,0.0002
Dmitri_Mendeleev,0.0054,0.0022,0.0084,0.3288,0.0002
Doctor_Who,0.0121,0.0089,0.0105,0.3335,0.0011
Dodo,0.0067,0.0027,0.0084,0.3162,0.0014
Dog,0.0096,0.0116,0.0115,0.342,0.0012
Doha,0.004,0.0022,0.0091,0.3442,0.0001
Dolphin,0.0067,0.0074,0.0132,0.388,0.001
Domesday_Book,0.004,0.0049,0.0099,0.3466,0.0001
Domestic_goat,0.0084,0.0079,0.0111,0.3457,0.0003
Domesticated_turkey,0.0059,0.0005,0.0073,0.2813,0.0001
Dominica,0.0074,0.0099,0.0183,0.4041,0.0003
Dominican_Republic,0.0077,0.0138,0.0183,0.4014,0.0002
Donald_Bradman,0.0037,0.001,0.0074,0.2509,0.0
Donald_Duck,0.0133,0.0007,0.0073,0.2365,0.0
Donald_Knuth,0.0025,0.0007,0.0073,0.2547,0.0001
Doom,0.0047,0.0012,0.0076,0.2727,0.0006
Dorset,0.0106,0.0077,0.0108,0.349,0.0008
Double-decker_bus,0.0054,0.001,0.0074,0.2718,0.0
Double_bass,0.0062,0.003,0.0083,0.3089,0.0001
Douglas_Adams,0.0072,0.0032,0.0085,0.3165,0.0003
Dove,0.0059,0.0044,0.0091,0.3368,0.0008
Dover,0.0057,0.003,0.0084,0.3037,0.0001
Down_syndrome,0.0015,0.002,0.0078,0.3042,0.0
Dr._Seuss,0.0044,0.0007,0.0074,0.2844,0.0004
Drama,0.0035,0.0086,0.013,0.3792,0.0002
Drawing,0.0037,0.0037,0.0087,0.3232,0.0001
Dresden,0.0096,0.0059,0.0107,0.3555,0.0002
Drinking_water,0.0126,0.0054,0.0104,0.3555,0.0003
Drosera_anglica,0.0032,0.0002,0.0072,0.2329,0.0002
Drosophila_melanogaster,0.0047,0.001,0.0079,0.306,0.0001
Drought,0.0037,0.0121,0.0156,0.381,0.0003
Drum_and_bass,0.004,0.0012,0.0085,0.3466,0.001
Du_Fu,0.0067,0.001,0.0077,0.3055,0.0
Dualism_(philosophy_of_mind),0.004,0.0002,0.0072,0.248,0.0002
Dubai,0.0111,0.0057,0.011,0.35,0.0002
Dublin,0.0106,0.016,0.0167,0.387,0.0011
Dubnium,0.0047,0.0017,0.0079,0.2671,0.0
Dundee,0.0131,0.0042,0.0093,0.3311,0.0011
Dundee_United_F.C.,0.0032,0.0005,0.0073,0.2676,0.0
Dune,0.0069,0.0025,0.0081,0.301,0.0002
Dunnock,0.0027,0.0005,0.0072,0.2009,0.0
Duran_Duran,0.0081,0.0017,0.0077,0.2894,0.0001
Durham,0.0037,0.002,0.0079,0.2897,0.0
Durham_Cathedral,0.003,0.0015,0.0077,0.2864,0.0
Durian,0.0081,0.0002,0.0072,0.2718,0.0
Dutch_language,0.0128,0.0242,0.0251,0.4277,0.003
Dwight_D._Eisenhower,0.0101,0.0081,0.0112,0.341,0.0006
Dysprosium,0.0059,0.0022,0.0082,0.2695,0.0
E._E._Cummings,0.0052,0.0017,0.0078,0.3017,0.0002
ECHELON,0.0133,0.0005,0.0075,0.307,0.0
EMD_F7,0.0007,0.0007,0.0074,0.2782,0.0
Eagle,0.0086,0.0074,0.0104,0.3417,0.001
Eagle_Scout_(Boy_Scouts_of_America),0.002,0.0017,0.0077,0.2867,0.0003
Earl_of_Shaftesbury,0.001,0.0005,0.0073,0.279,0.0
Earth,0.0291,0.0644,0.0444,0.4647,0.0162
Earth's_atmosphere,0.0067,0.0281,0.0218,0.3863,0.001
Earthquake,0.0049,0.0193,0.0185,0.3929,0.0009
East-West_Schism,0.0057,0.0025,0.0097,0.3462,0.0
EastEnders,0.0069,0.0015,0.0078,0.2964,0.0001
East_Africa,0.0116,0.0101,0.0156,0.3742,0.0005
East_Flemish,0.0032,0.0012,0.0076,0.2997,0.0
East_Timor,0.0109,0.0094,0.0187,0.3885,0.0003
Easter_Island,0.0044,0.003,0.0095,0.3453,0.0001
Eastern_Orthodox_Church,0.0084,0.0138,0.0215,0.4043,0.0005
Ebony,0.0047,0.002,0.008,0.3039,0.0001
Ecology,0.0119,0.0121,0.013,0.3661,0.0011
Economic_inequality,0.0054,0.0007,0.0078,0.3222,0.0
Economics,0.0094,0.0252,0.0233,0.4072,0.0015
Economy_of_Africa,0.0249,0.0007,0.0081,0.3305,0.0001
Economy_of_India,0.0099,0.002,0.0078,0.275,0.0001
Economy_of_Pakistan,0.0114,0.0005,0.0073,0.2605,0.0
Economy_of_the_Republic_of_Ireland,0.0151,0.0002,0.0076,0.3126,0.0
Ecuador,0.0104,0.0178,0.0223,0.4174,0.001
Edema,0.001,0.0022,0.0079,0.2853,0.0
Edgar_Allan_Poe,0.0123,0.0044,0.0094,0.342,0.0007
Edible_salt,0.0052,0.0027,0.0083,0.3058,0.0001
Edinburgh,0.0183,0.018,0.0173,0.3877,0.0021
Edmond_Halley,0.0049,0.0022,0.0083,0.3221,0.0001
Edmund_Burke,0.0104,0.0037,0.0095,0.3457,0.0002
Edmund_Hillary,0.0035,0.001,0.0075,0.2809,0.0
Education,0.0096,0.017,0.0225,0.4289,0.002
Education_in_the_United_States,0.0198,0.0007,0.0093,0.3737,0.0012
Educational_psychology,0.0037,0.0007,0.0076,0.3074,0.0
Edward_Gibbon,0.0027,0.0037,0.0097,0.3378,0.0001
Edward_III_of_England,0.0077,0.0084,0.0113,0.3312,0.0002
Edward_II_of_England,0.003,0.003,0.0085,0.3111,0.0003
Edward_IV_of_England,0.0042,0.0032,0.0084,0.2906,0.0
Edward_I_of_England,0.0054,0.0072,0.0106,0.3363,0.0001
Edward_Jenner,0.001,0.0012,0.0078,0.3164,0.0006
Edward_Teller,0.0079,0.0017,0.0079,0.3016,0.0001
Edward_VIII_of_the_United_Kingdom,0.0099,0.0037,0.0089,0.3098,0.0001
Edward_VII_of_the_United_Kingdom,0.0119,0.0077,0.0104,0.3281,0.0003
Edward_VI_of_England,0.0084,0.0049,0.0096,0.3215,0.0002
Edward_V_of_England,0.0025,0.002,0.008,0.2904,0.0
Edward_the_Confessor,0.0044,0.0054,0.0109,0.3566,0.0001
Edwin_of_Northumbria,0.0035,0.0017,0.0077,0.2862,0.0002
Effect_of_Hurricane_Katrina_on_New_Orleans,0.0047,0.0007,0.0074,0.2666,0.0
Effects_of_global_warming,0.0114,0.0005,0.0073,0.2794,0.0
Effects_of_nuclear_explosions,0.004,0.0002,0.0073,0.2821,0.0
Egg_(food),0.0057,0.0047,0.0093,0.335,0.0003
Egypt,0.0173,0.083,0.066,0.4764,0.0045
Egyptian_pyramids,0.0012,0.0015,0.0084,0.3322,0.0
Eilmer_of_Malmesbury,0.001,0.0005,0.0073,0.2513,0.0
Einsteinium,0.0052,0.0022,0.0081,0.2906,0.0001
El_Aaiún,0.0015,0.0005,0.0081,0.3331,0.0
El_Lissitzky,0.0094,0.0005,0.0072,0.2407,0.0
El_Niño-Southern_Oscillation,0.0079,0.0044,0.0098,0.3513,0.0001
El_Salvador,0.0094,0.0086,0.0172,0.4049,0.0004
Elagabalus,0.0025,0.0005,0.008,0.3261,0.0
Eldfell,0.0042,0.0005,0.0075,0.3097,0.0003
Election,0.0074,0.0084,0.0127,0.3643,0.0002
Electric_charge,0.0062,0.0101,0.0119,0.3418,0.0006
Electric_field,0.0037,0.0067,0.0104,0.3333,0.0001
Electrical_engineering,0.0109,0.0032,0.0086,0.329,0.0003
Electrical_resistance,0.002,0.0062,0.0099,0.3244,0.0
Electricity,0.0094,0.0249,0.0215,0.4059,0.0021
Electromagnetic_radiation,0.0074,0.0104,0.0123,0.35,0.0004
Electron,0.0054,0.0437,0.0292,0.4031,0.0014
Electron_beam_welding,0.0012,0.0005,0.0075,0.2882,0.0
Electronics,0.0035,0.0116,0.0177,0.4169,0.0005
Elementary_algebra,0.0012,0.0005,0.0073,0.2671,0.0
Elementary_arithmetic,0.0015,0.0002,0.0072,0.2547,0.0
Elementary_group_theory,0.0007,0.0002,0.0072,0.2319,0.0
Eleocharis_dulcis,0.0022,0.0002,0.0072,0.2468,0.0
Elephant,0.0099,0.0104,0.0125,0.363,0.0012
Elephant_bird,0.0025,0.0002,0.0072,0.1937,0.0
Elephant_shrew,0.0022,0.0002,0.0074,0.2991,0.0003
Elias_Ashmole,0.004,0.0002,0.0072,0.2422,0.0
Eliminative_materialism,0.003,0.0002,0.0072,0.1987,0.0
Elizabeth_Fry,0.003,0.0005,0.0073,0.2841,0.0
Elizabeth_II_of_the_United_Kingdom,0.0247,0.0301,0.0257,0.405,0.0039
Elizabeth_I_of_England,0.0133,0.0143,0.0146,0.3572,0.0007
Elvis_Presley,0.0121,0.0067,0.0115,0.3778,0.0009
Emacs,0.0042,0.0012,0.0075,0.2505,0.0
Emanuel_Swedenborg,0.0069,0.0012,0.0082,0.3359,0.0002
Emirate,0.0017,0.0017,0.0091,0.3416,0.0
Emotion,0.0032,0.0037,0.0089,0.3322,0.0001
Emperor_Penguin,0.003,0.0005,0.0074,0.3049,0.0
Empiricism,0.0042,0.0064,0.0108,0.349,0.0001
Employment,0.0037,0.0151,0.0133,0.3522,0.0004
Emu,0.0037,0.0017,0.0085,0.3438,0.0004
Enceladus_(moon),0.0047,0.002,0.0082,0.3156,0.0
Encyclopædia_Britannica,0.0084,0.003,0.0086,0.3303,0.0004
Energy,0.0151,0.0202,0.0181,0.3934,0.0028
Engineering,0.0049,0.0168,0.0165,0.388,0.0007
England,0.0425,0.1701,0.0947,0.5172,0.0363
England_expects_that_every_man_will_do_his_duty,0.0037,0.0002,0.0072,0.2379,0.0
English_Channel,0.0081,0.0138,0.0189,0.4089,0.0008
English_Reformation,0.0057,0.0032,0.0088,0.3098,0.0
English_language,0.0291,0.1373,0.107,0.5182,0.0152
English_peasants'_revolt_of_1381,0.0025,0.0015,0.0078,0.2944,0.0
English_poetry,0.0111,0.002,0.0079,0.3,0.0005
Enigma_machine,0.0042,0.0012,0.0086,0.3477,0.0003
Entropy,0.0042,0.0054,0.0096,0.3325,0.0004
Environmental_science,0.0047,0.0017,0.0078,0.2951,0.0
Enzyme_kinetics,0.0027,0.0005,0.0075,0.288,0.0
Eocene,0.0072,0.0059,0.0096,0.3363,0.0002
Epaminondas,0.0017,0.0007,0.0076,0.3081,0.0
Epazote,0.0111,0.0027,0.008,0.2652,0.0
Epic_of_Gilgamesh,0.0022,0.0025,0.0091,0.3441,0.0
Episcopal_polity,0.0059,0.0025,0.0084,0.305,0.0
Equal_Protection_Clause,0.0057,0.0002,0.0072,0.2445,0.0
Equatorial_Guinea,0.0091,0.0116,0.0221,0.4102,0.0005
Erbium,0.0057,0.0025,0.0082,0.2836,0.0
Eric_Clapton,0.0084,0.002,0.0085,0.3367,0.0005
Erie_Canal,0.004,0.0022,0.0107,0.3848,0.0001
Eris_(dwarf_planet),0.0057,0.0015,0.0078,0.2812,0.0
Eritrea,0.0244,0.0111,0.0173,0.3692,0.0007
Ernest_Hemingway,0.0104,0.0052,0.0105,0.3594,0.0007
Ernest_Rutherford,0.0049,0.0035,0.009,0.3331,0.0002
Eruption_column,0.0025,0.0012,0.0075,0.2535,0.0
Erwin_Rommel,0.0079,0.003,0.0099,0.3518,0.0003
Eskimo,0.0022,0.0015,0.0076,0.2868,0.0
Esperanto,0.0133,0.0035,0.0098,0.3528,0.0003
Essential_oil,0.0057,0.0049,0.0088,0.2831,0.0003
Estonia,0.0104,0.0168,0.0276,0.4145,0.0002
Ethanol,0.0109,0.0121,0.0128,0.3576,0.001
Ethics,0.0049,0.0136,0.015,0.3714,0.0005
Ethiopia,0.0319,0.0294,0.0275,0.4091,0.0021
Ethiopian_Wolf,0.0022,0.0002,0.0072,0.2647,0.0
Ethnic_group,0.0057,0.0084,0.016,0.4086,0.0003
Euclid,0.0027,0.0067,0.0103,0.3344,0.0003
Euclidean_geometry,0.002,0.0032,0.0086,0.3142,0.0
Eukaryote,0.0025,0.0062,0.0111,0.3481,0.0
Euphrates,0.0052,0.0069,0.0131,0.3658,0.0001
Eurasian_Collared_Dove,0.004,0.0005,0.0073,0.2535,0.0
Eurasian_Eagle_Owl,0.0035,0.0005,0.0073,0.2685,0.0
Eurasian_Jay,0.0037,0.0002,0.0072,0.2299,0.0
Euro,0.0123,0.0232,0.0329,0.4319,0.0007
Europe,0.0393,0.2091,0.1448,0.5469,0.0293
European_Goldfinch,0.0032,0.0005,0.0073,0.2487,0.0
European_Parliament,0.0084,0.0104,0.0136,0.3695,0.0001
European_Space_Agency,0.0114,0.0049,0.0112,0.3632,0.0004
European_Union,0.0328,0.058,0.0654,0.4761,0.0052
Europium,0.0052,0.0025,0.0082,0.2784,0.0
Eurovision_Song_Contest,0.0109,0.002,0.0087,0.336,0.0003
Eva_Perón,0.0094,0.0007,0.0074,0.2904,0.0
Evolution,0.0175,0.0274,0.0207,0.401,0.0056
Evolutionarily_stable_strategy,0.0012,0.0005,0.0073,0.249,0.0
Existentialism,0.0057,0.0037,0.0091,0.3379,0.0002
Exploration_of_Mars,0.0049,0.0002,0.0072,0.2162,0.0
Explorer_I,0.002,0.0012,0.0075,0.2726,0.0
Expressionism,0.003,0.0027,0.0091,0.3457,0.0
Extinct_birds,0.0096,0.0002,0.0072,0.2402,0.0008
Extinction,0.0096,0.0128,0.0137,0.3748,0.0013
Extrasolar_planet,0.0054,0.0084,0.0102,0.2981,0.0019
Extraterrestrial_life,0.0123,0.004,0.0085,0.2991,0.0004
Eye,0.0077,0.0128,0.0123,0.3528,0.0017
Eye_(cyclone),0.0022,0.0012,0.0076,0.2835,0.0
Eyelid,0.0005,0.0007,0.0074,0.2622,0.0
Ezra_Pound,0.0079,0.0054,0.009,0.3118,0.0006
F-35_Lightning_II,0.0054,0.0007,0.0078,0.318,0.0
F-4_Phantom_II,0.0052,0.0005,0.0073,0.271,0.0
FIFA,0.0064,0.0052,0.0119,0.3701,0.0001
FIFA_World_Cup,0.0101,0.0057,0.014,0.3885,0.0002
Fair_Isle,0.002,0.0007,0.0075,0.2945,0.0
Falcon,0.004,0.002,0.008,0.2996,0.0001
Falkland_Islands,0.0109,0.0067,0.013,0.374,0.0003
Family,0.0027,0.0062,0.0113,0.3696,0.0001
Famine,0.0156,0.0099,0.014,0.374,0.0009
Faroe_Islands,0.0084,0.0079,0.0162,0.3935,0.0006
Fascism,0.0106,0.0126,0.0153,0.3726,0.0005
Fashion,0.0064,0.0044,0.0106,0.3666,0.0005
Fatty_acid,0.0042,0.0091,0.011,0.3393,0.0007
Fauna_of_Australia,0.0178,0.0002,0.0072,0.2251,0.0011
Feather,0.0042,0.0069,0.01,0.3298,0.0003
Fed_Cup,0.0096,0.0007,0.0073,0.2444,0.0
Federal_Bureau_of_Investigation,0.0052,0.0114,0.0145,0.3908,0.0008
Federated_States_of_Micronesia,0.0059,0.003,0.0128,0.3911,0.0001
Fedora_Core,0.002,0.0007,0.0073,0.2426,0.0
Feldspar,0.0035,0.0035,0.0086,0.3196,0.0
Felice_Beato,0.0067,0.0002,0.008,0.3401,0.0001
Felix_Mendelssohn,0.0062,0.004,0.0104,0.3605,0.0002
Felix_the_Cat,0.0054,0.0005,0.0072,0.2286,0.0
Fencing,0.0042,0.0015,0.0079,0.3156,0.0
Fennel,0.0156,0.004,0.0084,0.2863,0.0004
Ferdinand_Magellan,0.0086,0.0037,0.0102,0.3529,0.0003
Ferdinandea,0.0015,0.0002,0.0072,0.2365,0.0
Fermi_paradox,0.0079,0.0007,0.0074,0.2802,0.0
Fermium,0.0047,0.0017,0.0079,0.2646,0.0
Fern,0.0042,0.0054,0.0096,0.3363,0.0004
Fertile_Crescent,0.0079,0.0017,0.0093,0.3447,0.0
Fertilizer,0.0057,0.0101,0.0135,0.3662,0.0005
Ffestiniog_Railway,0.0027,0.0002,0.0072,0.1697,0.0
Fiberglass,0.002,0.0015,0.0077,0.306,0.0
Fiction,0.004,0.0064,0.0098,0.3409,0.0002
Fidel_Castro,0.0114,0.0047,0.0097,0.3366,0.0001
Fieldfare,0.004,0.0002,0.0072,0.2163,0.0
Fiji,0.0069,0.0101,0.0145,0.3709,0.0001
Film,0.0047,0.0319,0.0238,0.425,0.0018
Finance,0.002,0.0109,0.017,0.4165,0.0008
Fine_art,0.003,0.0025,0.0102,0.379,0.0001
Finland,0.018,0.0348,0.036,0.4419,0.0021
Fire,0.0121,0.0081,0.0115,0.3601,0.0009
Firearm,0.0037,0.0035,0.0085,0.3222,0.0001
Firefly_(TV_series),0.004,0.0015,0.0075,0.247,0.0001
First_Council_of_Nicaea,0.0054,0.0015,0.0085,0.3321,0.0
First_Crusade,0.0072,0.0042,0.01,0.3436,0.0002
First_Macedonian_War,0.0015,0.0012,0.0075,0.2628,0.0
First_Transcontinental_Railroad,0.0064,0.0027,0.009,0.3462,0.0004
Fish,0.0032,0.0338,0.0251,0.4156,0.0011
Fishing,0.0116,0.0195,0.0195,0.399,0.0024
Flag_of_Australia,0.0032,0.0007,0.0081,0.3412,0.0
Flag_of_Belarus,0.0025,0.0005,0.0075,0.3044,0.0
Flag_of_Hong_Kong,0.0032,0.0002,0.0074,0.3041,0.0
Flag_of_India,0.0052,0.0007,0.0084,0.343,0.0
Flag_of_Mexico,0.003,0.0007,0.0078,0.3221,0.0
Flag_of_South_Africa,0.0032,0.0007,0.0079,0.3253,0.0
Flag_of_the_Republic_of_China,0.004,0.0007,0.0077,0.3148,0.0
Flamingo,0.0037,0.0015,0.0078,0.2892,0.0
Flanders,0.0111,0.0089,0.0154,0.3917,0.0007
Flat_Earth,0.0081,0.0005,0.0076,0.3175,0.0002
Flemish_(linguistics),0.0022,0.0007,0.0077,0.3144,0.0
Flemish_dialects,0.0022,0.0007,0.0074,0.2818,0.0
Flemish_people,0.0064,0.0007,0.0078,0.3188,0.0
Flood,0.0109,0.0104,0.012,0.356,0.0009
Floppy_disk,0.0037,0.0032,0.0083,0.3107,0.0003
Florence_Nightingale,0.0064,0.0017,0.0082,0.3285,0.0001
Florida,0.016,0.0363,0.0245,0.4154,0.0043
Florida_East_Coast_Railway,0.0042,0.0007,0.0073,0.2274,0.0003
Flower,0.0064,0.0193,0.016,0.3717,0.0011
Fluorine,0.0086,0.0069,0.011,0.3347,0.0001
Flute,0.0057,0.0062,0.0104,0.3473,0.0006
Folic_acid,0.0064,0.0025,0.008,0.2947,0.0001
Folk_music,0.0081,0.0128,0.0153,0.3775,0.0009
Folklore,0.0044,0.0109,0.0138,0.3738,0.0005
Food,0.0101,0.0148,0.0165,0.3927,0.0011
Football,0.0151,0.0074,0.0145,0.3879,0.0008
Football_(soccer),0.0052,0.0514,0.0488,0.4656,0.0012
Force,0.004,0.0072,0.0105,0.3479,0.0002
Forest,0.0022,0.0146,0.0173,0.4017,0.0002
Formic_acid,0.0057,0.0015,0.0079,0.3116,0.0001
Formula_One,0.0207,0.0059,0.0116,0.3662,0.0009
Forrest_Gump,0.0037,0.0012,0.0076,0.2846,0.0
Forth_Bridge_(railway),0.0032,0.0007,0.0074,0.2712,0.0003
Forth_Road_Bridge,0.0027,0.0002,0.0072,0.2133,0.0
Fossil,0.0059,0.0264,0.0183,0.3784,0.0008
Fossil_fuel,0.0025,0.0081,0.0119,0.3583,0.0001
Fossil_record,0.0059,0.0054,0.0095,0.3247,0.0001
Fourteenth_Amendment_to_the_United_States_Constitution,0.0035,0.0035,0.0092,0.3236,0.0003
Fox,0.0049,0.0052,0.0104,0.3597,0.0007
Frédéric_Chopin,0.0084,0.0027,0.0093,0.3449,0.0001
Fractal,0.0035,0.0017,0.0079,0.3113,0.0001
France,0.021,0.2193,0.1534,0.5453,0.0136
France_in_the_American_Revolutionary_War,0.0062,0.0002,0.0072,0.2859,0.0
Francis_Bacon,0.0052,0.004,0.0101,0.3616,0.0001
Francis_Crick,0.0077,0.0027,0.0099,0.3675,0.0004
Francis_Drake,0.0049,0.0025,0.009,0.3427,0.0001
Francis_of_Assisi,0.0042,0.0022,0.0083,0.3222,0.0006
Francisco_Goya,0.003,0.0015,0.0078,0.3047,0.0
Francium,0.0084,0.0025,0.0083,0.2839,0.0001
Frank_Lloyd_Wright,0.0032,0.0022,0.008,0.3155,0.0001
Frankenstein,0.0064,0.0035,0.0086,0.323,0.0002
Frankfurt,0.0121,0.0091,0.0135,0.3671,0.0006
Franklin_D._Roosevelt,0.0178,0.0133,0.0165,0.3782,0.0006
Franklin_Pierce,0.0054,0.0017,0.008,0.2992,0.0
Franks,0.0064,0.0106,0.0197,0.3939,0.0003
Franz_Kafka,0.0064,0.0035,0.0097,0.3562,0.0005
Franz_Schubert,0.0032,0.003,0.009,0.3396,0.0001
Frederick_Douglass,0.0067,0.0015,0.008,0.3166,0.0001
"Frederick_II,_Holy_Roman_Emperor",0.0057,0.0025,0.0087,0.3293,0.0
Frederick_II_of_Prussia,0.0086,0.002,0.0083,0.3257,0.0002
Freetown,0.0044,0.0012,0.0086,0.3436,0.0
French_Guiana,0.0042,0.0072,0.0167,0.3995,0.0
French_Open_(tennis),0.0027,0.0044,0.0092,0.3315,0.0
French_Polynesia,0.002,0.004,0.0097,0.3427,0.0
French_Revolution,0.0047,0.0227,0.0254,0.4195,0.0003
French_Southern_and_Antarctic_Lands,0.0035,0.0042,0.0106,0.3295,0.0
French_language,0.021,0.0746,0.0693,0.4935,0.0045
Fresh_water,0.0027,0.0074,0.0106,0.3488,0.0002
Friedrich_Nietzsche,0.0121,0.0067,0.0121,0.3702,0.0008
Frog,0.0101,0.0052,0.009,0.3182,0.0015
Fruit,0.0101,0.0254,0.0197,0.3886,0.0025
Fugu,0.0054,0.0002,0.0072,0.1803,0.0
Full_moon,0.0025,0.003,0.0085,0.3269,0.0001
Funchal,0.002,0.001,0.0092,0.3498,0.0002
Functional_programming,0.0007,0.0015,0.0076,0.2615,0.0003
Fundamental_theorem_of_arithmetic,0.0007,0.001,0.0075,0.2652,0.0
Fungus,0.0049,0.0089,0.0121,0.3653,0.0002
Fusarium,0.0005,0.0002,0.0072,0.2219,0.0
Fyodor_Dostoevsky,0.0064,0.0044,0.0095,0.3414,0.0002
GDRT,0.0015,0.0002,0.0072,0.2124,0.0
GNOME,0.0027,0.0025,0.008,0.3045,0.0003
GNU,0.0037,0.002,0.0079,0.3089,0.0003
GNU_Project,0.0007,0.0012,0.0075,0.2501,0.0
Gabon,0.0047,0.0138,0.0228,0.4113,0.0001
Gaborone,0.001,0.0007,0.0082,0.3321,0.0
Gadolinium,0.0057,0.0025,0.0083,0.2747,0.0
Galápagos_Islands,0.0104,0.0025,0.0084,0.3251,0.0005
Galah,0.0025,0.0002,0.0072,0.1837,0.0
Galaxy,0.0059,0.0077,0.0107,0.3323,0.0003
Galeras,0.001,0.0007,0.0076,0.3102,0.0
Galileo_Galilei,0.0119,0.0106,0.0129,0.3591,0.0009
Gallium,0.0084,0.003,0.0087,0.2998,0.0
Galveston_Hurricane_of_1900,0.0064,0.001,0.0076,0.2957,0.0
Game,0.0072,0.0027,0.0081,0.3068,0.0002
Game_theory,0.0059,0.0042,0.0091,0.3305,0.0009
Ganesha,0.0044,0.0015,0.008,0.3244,0.0001
Ganges_River,0.0047,0.0047,0.0104,0.3528,0.0001
Gangtok,0.0081,0.0007,0.0074,0.2793,0.0
Garage_(dance_music),0.002,0.0002,0.0072,0.2574,0.0
Garden,0.0079,0.0037,0.0091,0.3397,0.0006
Gardening,0.0044,0.0022,0.0083,0.3144,0.0001
Gas,0.0012,0.017,0.016,0.3689,0.0001
Gas_giant,0.0047,0.0077,0.0103,0.3175,0.0001
Gas_metal_arc_welding,0.0069,0.0007,0.0073,0.2504,0.0
Gas_tungsten_arc_welding,0.0069,0.0017,0.0077,0.2714,0.0
Gas_turbine-electric_locomotive,0.0017,0.0002,0.0072,0.2567,0.0
Gaur,0.0049,0.001,0.0075,0.282,0.0
Gauss's_law,0.0035,0.0022,0.0082,0.2993,0.0
Gautama_Buddha,0.0044,0.0052,0.0112,0.36,0.0001
Gaza_Strip,0.0067,0.0032,0.0107,0.3563,0.0002
Gazelle,0.0025,0.0022,0.0081,0.3186,0.0
Gender,0.0037,0.0057,0.0096,0.3358,0.0001
Genealogy,0.004,0.0035,0.0089,0.3319,0.0001
General_Pershing_Zephyr,0.0012,0.0002,0.0072,0.2473,0.0
Genetic_code,0.0032,0.0037,0.009,0.3252,0.0003
Genetics,0.0067,0.016,0.016,0.3903,0.0009
Geneva,0.0074,0.0094,0.0131,0.3658,0.0004
Genghis_Khan,0.0143,0.0059,0.0112,0.3462,0.0002
Genoa,0.0089,0.0126,0.0145,0.3763,0.0006
Geography,0.0116,0.0119,0.0148,0.3859,0.0012
Geography_of_India,0.0148,0.0005,0.0072,0.2093,0.0001
Geography_of_Ireland,0.0081,0.0002,0.0073,0.2951,0.0
Geology,0.0081,0.0185,0.0182,0.404,0.0014
Geometry,0.003,0.0119,0.0128,0.356,0.0002
Georg_Cantor,0.0054,0.003,0.0094,0.3537,0.0003
"George_Byron,_6th_Baron_Byron",0.0111,0.0012,0.0085,0.3399,0.0006
George_Eliot,0.0035,0.0022,0.0088,0.3447,0.0001
George_Fox,0.0067,0.0005,0.0073,0.2858,0.0
George_H._W._Bush,0.0114,0.0064,0.0106,0.339,0.0003
George_Herbert,0.0035,0.0002,0.0072,0.2308,0.0
George_III_of_the_United_Kingdom,0.0131,0.0094,0.0115,0.3453,0.001
George_II_of_Great_Britain,0.0059,0.0032,0.0085,0.3015,0.0
George_IV_of_the_United_Kingdom,0.0096,0.0049,0.0093,0.3189,0.0004
George_I_of_Great_Britain,0.0074,0.0042,0.009,0.3096,0.0001
George_VI_of_the_United_Kingdom,0.0096,0.0049,0.0093,0.3103,0.0002
George_V_of_the_United_Kingdom,0.0106,0.0077,0.0107,0.3359,0.0003
George_W._Bush,0.0207,0.0249,0.0244,0.4171,0.0025
George_Washington,0.0052,0.0123,0.0151,0.3901,0.0004
"Georgetown,_Guyana",0.0035,0.0007,0.0082,0.335,0.0
Georgia_(country),0.0444,0.0193,0.0296,0.4317,0.0013
Gerald_Durrell,0.0111,0.0015,0.0077,0.3031,0.0004
Gerald_Ford,0.0109,0.0052,0.0097,0.3299,0.0005
"German_Crusade,_1096",0.0035,0.0012,0.0076,0.2829,0.0
German_language,0.019,0.0521,0.0508,0.4782,0.0039
German_reunification,0.004,0.0044,0.0111,0.3586,0.0
Germanium,0.0077,0.0049,0.0098,0.3249,0.0001
Germany,0.0417,0.1704,0.1218,0.5305,0.0219
Gettysburg_Address,0.0054,0.0015,0.0078,0.292,0.0
Ghana,0.0059,0.0193,0.0259,0.4217,0.0003
Ghost_Dance,0.0022,0.0005,0.0073,0.2575,0.0
Giant's_Causeway,0.0027,0.001,0.0094,0.3605,0.0
Giant_Eland,0.0025,0.0005,0.0072,0.246,0.0
Giant_Panda,0.0109,0.001,0.0074,0.262,0.0001
Gibraltar,0.0111,0.0101,0.0204,0.4263,0.0012
Giganotosaurus,0.004,0.0007,0.0074,0.2668,0.0
Gilles_Villeneuve,0.0012,0.0002,0.0072,0.2114,0.0
Giraffe,0.0074,0.0042,0.0096,0.3468,0.0003
Giuseppe_Verdi,0.0064,0.0022,0.0084,0.331,0.0001
Giza_pyramid_complex,0.0017,0.0005,0.008,0.3323,0.0
Glacier,0.0106,0.0151,0.0166,0.4012,0.0015
Glacier_National_Park_(US),0.0074,0.0012,0.0078,0.3109,0.0004
Glaciology,0.0027,0.0007,0.0076,0.31,0.0
Glasgow,0.0136,0.0133,0.0163,0.3971,0.0015
Glass,0.0111,0.0227,0.0182,0.3779,0.0017
Glasses,0.0052,0.0017,0.0082,0.3295,0.0003
Glastonbury_Festival,0.0035,0.0007,0.0074,0.2745,0.0
GlaxoSmithKline,0.0032,0.0015,0.0092,0.3589,0.0001
Gliding,0.0054,0.0005,0.0073,0.2564,0.0
Gliese_876,0.0044,0.0015,0.0076,0.2712,0.0005
Gliese_876_b,0.0042,0.0007,0.0073,0.2134,0.0
Gliese_876_c,0.0042,0.0007,0.0073,0.2134,0.0
Gliese_876_d,0.0042,0.0005,0.0073,0.2297,0.0
Global,0.0015,0.0002,0.0072,0.2699,0.0
Global_city,0.0365,0.0049,0.0115,0.3621,0.0009
Global_spread_of_H5N1,0.022,0.0002,0.0072,0.2195,0.0
Global_warming,0.0079,0.0175,0.0177,0.3865,0.0014
Globalization,0.0099,0.0064,0.0117,0.3604,0.0006
Globe_Theatre,0.0032,0.0005,0.0073,0.2431,0.0
Globular_cluster,0.0035,0.0025,0.0082,0.29,0.0
Glorious_Revolution,0.0062,0.0094,0.0129,0.3573,0.0002
Glynn_Lunney,0.0027,0.0005,0.0073,0.278,0.0
Gmail,0.0049,0.0007,0.0074,0.2622,0.0
Go_(board_game),0.0042,0.0017,0.009,0.3491,0.0001
Goa,0.0126,0.0047,0.0108,0.3563,0.0005
God,0.0089,0.0301,0.0251,0.4168,0.0019
Gold,0.021,0.0422,0.0321,0.4339,0.0067
Gold(III)_chloride,0.0025,0.0002,0.0074,0.3026,0.0001
Gold_standard,0.0151,0.0032,0.0098,0.3519,0.0002
Golden_Eagle,0.0072,0.002,0.0082,0.325,0.0001
Golden_Gate_Highlands_National_Park,0.0022,0.0002,0.0072,0.1733,0.0
Goldfish,0.0067,0.0007,0.0073,0.258,0.0
Gone_with_the_Wind_(film),0.0067,0.0025,0.008,0.2899,0.0002
Google,0.0054,0.0049,0.009,0.3212,0.0004
Goose,0.0035,0.0042,0.0087,0.2985,0.0002
Gordon_Brown,0.0047,0.003,0.01,0.3592,0.0003
Gorilla,0.0037,0.0035,0.0089,0.3334,0.0003
Gossypium,0.0027,0.0005,0.0076,0.3125,0.0
Gothenburg,0.0096,0.002,0.0089,0.342,0.0
Gottfried_Leibniz,0.0227,0.0086,0.0122,0.3663,0.0016
Government,0.0069,0.0301,0.0325,0.4363,0.001
Government_of_France,0.004,0.0005,0.0073,0.2644,0.0
Grand_Canal_of_China,0.0032,0.0017,0.0079,0.3087,0.0
Grand_Canyon,0.0044,0.0032,0.0104,0.3801,0.0003
Grand_Central_Terminal,0.004,0.0002,0.0075,0.3162,0.0
Grand_Slam_(tennis),0.003,0.0047,0.011,0.3682,0.0005
Granite,0.0064,0.0116,0.0129,0.3615,0.0005
Grape_seed_oil,0.0025,0.0002,0.0072,0.206,0.0
Graphic_novel,0.003,0.0032,0.0083,0.305,0.0001
Gravitation,0.0067,0.0269,0.0217,0.4079,0.0015
Gray_Wolf,0.0072,0.0012,0.0076,0.2818,0.0
Gray_reef_shark,0.0022,0.0002,0.0072,0.1978,0.0
Grease_(film),0.0015,0.0002,0.0072,0.2089,0.0
Great_Auk,0.0054,0.0007,0.0075,0.2797,0.0
Great_Barrier_Reef,0.004,0.0025,0.0091,0.3461,0.0002
Great_Black-backed_Gull,0.0027,0.0002,0.0072,0.2289,0.0
Great_Britain,0.0086,0.0412,0.0391,0.4587,0.0031
Great_Comet_of_1882,0.0015,0.0002,0.0072,0.169,0.0
Great_Cormorant,0.0049,0.0005,0.0072,0.2487,0.0
Great_Crested_Grebe,0.0035,0.0002,0.0072,0.2072,0.0
Great_Lakes,0.0057,0.0109,0.0152,0.3962,0.0006
Great_Lakes_Storm_of_1913,0.0057,0.0002,0.0072,0.2838,0.0
Great_Moravia,0.0052,0.0017,0.0088,0.3281,0.0001
Great_Pyramid_of_Giza,0.0032,0.0017,0.0087,0.3414,0.0
Great_Red_Spot,0.0017,0.0017,0.0079,0.2852,0.0
Great_Rift_Valley,0.0049,0.0064,0.0107,0.3309,0.0003
Great_Salt_Lake,0.0037,0.0017,0.0082,0.3213,0.0
Great_Spotted_Woodpecker,0.0027,0.0002,0.0072,0.239,0.0
Great_Wall_of_China,0.0047,0.004,0.0099,0.3471,0.0002
Great_Yarmouth,0.0057,0.0025,0.008,0.2891,0.0001
Great_comet,0.0015,0.0007,0.0073,0.2033,0.0002
Great_white_shark,0.0069,0.0017,0.0077,0.2583,0.0001
Greco-Buddhism,0.0086,0.001,0.0079,0.3162,0.0
Greece,0.0281,0.0568,0.0521,0.473,0.0049
Greek_War_of_Independence,0.0059,0.0027,0.0094,0.3432,0.0
Greek_mythology,0.0136,0.0165,0.016,0.3904,0.0022
Green_Woodpecker,0.0025,0.0002,0.0072,0.239,0.0
Greenhouse_effect,0.003,0.0054,0.0114,0.3724,0.0002
Greenland,0.0099,0.0158,0.0211,0.421,0.0006
Greg_LeMond,0.002,0.0007,0.0073,0.2577,0.0
Gregor_Mendel,0.003,0.0042,0.0106,0.3691,0.0001
Gregorian_chant,0.0052,0.002,0.0079,0.2988,0.0
Grenada,0.0084,0.0089,0.0163,0.4029,0.0004
Grevy's_Zebra,0.0025,0.0002,0.0072,0.2424,0.0
Group_(mathematics),0.002,0.003,0.0083,0.3019,0.0003
Grover_Cleveland,0.0077,0.004,0.0091,0.3249,0.0001
Guadeloupe,0.0079,0.0101,0.018,0.4023,0.0002
Guam,0.0064,0.0081,0.0146,0.396,0.0002
Guangzhou,0.0094,0.0064,0.0118,0.3603,0.0002
Guatemala,0.0099,0.0114,0.018,0.4104,0.0007
Guernsey,0.0081,0.0054,0.0154,0.4122,0.0006
Guglielmo_Marconi,0.0052,0.0022,0.0083,0.3243,0.0001
Guild,0.0057,0.0052,0.0099,0.3456,0.0002
Guinea,0.0069,0.0153,0.0235,0.4085,0.0002
Guinea-Bissau,0.0052,0.0116,0.0209,0.4021,0.0001
Guinness,0.0047,0.0017,0.0078,0.3043,0.0001
Guitar,0.0042,0.0128,0.0126,0.3481,0.0003
Gulf_of_Mexico,0.0052,0.0133,0.0158,0.3969,0.0008
Gull,0.0044,0.004,0.0086,0.2969,0.0008
Gunpowder,0.0017,0.0054,0.0114,0.3649,0.0001
Guqin,0.0084,0.0007,0.0081,0.3391,0.0003
Gustav_Holst,0.0089,0.0007,0.0082,0.343,0.0002
Gustavus_Franklin_Swift,0.0077,0.0005,0.0072,0.2061,0.0
Guyana,0.0141,0.0106,0.0194,0.4088,0.0009
Gyeongju,0.0032,0.0002,0.0072,0.2389,0.0
Gypsum,0.0042,0.0052,0.01,0.3437,0.0003
Hänsel_und_Gretel,0.0017,0.0002,0.0072,0.2517,0.0
H.D.,0.0072,0.0015,0.0076,0.2863,0.0
H5N1,0.0079,0.0012,0.0076,0.2812,0.0004
HD_209458_b,0.003,0.0002,0.0072,0.2297,0.0
HIV,0.004,0.0114,0.0145,0.3773,0.0002
HSBC,0.0153,0.001,0.0098,0.3672,0.0004
HTTP_cookie,0.0035,0.0007,0.0083,0.3424,0.0008
H_II_region,0.0059,0.0017,0.008,0.3054,0.0001
Habsburg_Spain,0.0116,0.0015,0.0095,0.3467,0.0004
Hadrian's_Wall,0.0042,0.0035,0.009,0.3328,0.0
Haemophilia,0.001,0.0005,0.0074,0.2873,0.0
Hafnium,0.0094,0.0022,0.0082,0.2964,0.0001
Haiti,0.0062,0.0195,0.025,0.4168,0.0003
Halloween,0.0104,0.004,0.0087,0.3233,0.0004
Hamburg,0.0148,0.0094,0.0146,0.3825,0.0004
Hammurabi,0.0015,0.0022,0.0084,0.3229,0.0
Hampshire,0.0123,0.0042,0.0089,0.313,0.0002
Hampstead_Heath,0.0012,0.0005,0.0079,0.331,0.0002
Hannibal_Barca,0.0052,0.001,0.0076,0.2981,0.0001
Hanoi,0.0042,0.0027,0.0093,0.3427,0.0
Harald_Maddadsson,0.0012,0.0002,0.0072,0.2499,0.0
Haraldskær_Woman,0.0017,0.0002,0.0072,0.2509,0.0
Harare,0.0042,0.0015,0.0085,0.3401,0.0
Hardball_squash,0.0015,0.0002,0.0072,0.2432,0.0
Harlem_Globetrotters,0.0022,0.0007,0.0076,0.3032,0.0
Harley-Davidson,0.0037,0.0002,0.0072,0.2623,0.0
Harold_Macmillan,0.0086,0.004,0.0095,0.3316,0.0001
Harold_Wilson,0.0067,0.0047,0.0094,0.3205,0.0003
Harrier_Hawk,0.0017,0.0002,0.0072,0.2585,0.0
Harry_Potter,0.0067,0.0044,0.0088,0.3164,0.0006
Harry_S._Truman,0.0123,0.0077,0.0124,0.3624,0.0003
Harvest,0.0012,0.0035,0.0087,0.3308,0.0
Hasekura_Tsunenaga,0.0069,0.0007,0.0082,0.3407,0.0
Hassium,0.0022,0.0015,0.0078,0.263,0.0
Hatshepsut,0.0022,0.001,0.0081,0.3235,0.0
Hawaiian_Goose,0.0025,0.0002,0.0072,0.2052,0.0
Hawk,0.0027,0.0049,0.0108,0.3652,0.0006
Hawk-Eye,0.0027,0.0007,0.0075,0.3039,0.0003
Hawking_radiation,0.0027,0.0015,0.0077,0.2882,0.0
Health,0.0032,0.0042,0.0094,0.3437,0.0004
Heard_Island_and_McDonald_Islands,0.0027,0.0002,0.0079,0.3363,0.0
Heat,0.0059,0.0114,0.0136,0.3686,0.0005
Hebrew_calendar,0.0037,0.0012,0.008,0.3265,0.0
Hebrew_language,0.0074,0.0242,0.0263,0.4279,0.0009
Hebrides,0.0022,0.0037,0.0107,0.3664,0.0
Helen,0.0032,0.0017,0.0079,0.3089,0.0
Helen_Gandy,0.002,0.0002,0.0072,0.2194,0.0
Heliocentrism,0.0104,0.004,0.0096,0.3432,0.0002
Helium,0.018,0.017,0.0153,0.3535,0.0022
Hellenistic_Greece,0.0037,0.0032,0.01,0.3481,0.0002
Hello_Garci_scandal,0.0002,0.0002,0.0075,0.31,0.0
Helmeted_Guineafowl,0.0042,0.0005,0.0073,0.2761,0.0
Helsinki,0.0119,0.0042,0.0112,0.368,0.0002
Henipavirus,0.003,0.0002,0.0072,0.2544,0.0
Henri_Matisse,0.0027,0.001,0.0075,0.2966,0.0
Henrik_Ibsen,0.0027,0.0035,0.0091,0.3414,0.0
Henry_David_Thoreau,0.0054,0.0025,0.0083,0.3245,0.0001
Henry_Fonda,0.0044,0.0017,0.0077,0.2819,0.0
Henry_Ford,0.0027,0.0022,0.0084,0.3314,0.0
Henry_H._Rogers,0.0062,0.0015,0.0076,0.2639,0.0007
Henry_III_of_England,0.0032,0.0042,0.0089,0.299,0.0
Henry_II_of_England,0.004,0.0074,0.0108,0.3396,0.0001
Henry_IV_of_England,0.0042,0.0042,0.0089,0.3002,0.0
Henry_I_of_England,0.004,0.0044,0.0098,0.3467,0.0002
Henry_James,0.0101,0.0032,0.0086,0.3299,0.0002
Henry_Moore,0.0052,0.0012,0.0077,0.3093,0.0001
Henry_Morrison_Flagler,0.0042,0.0005,0.0072,0.2102,0.0
Henry_Morton_Stanley,0.0035,0.0022,0.0086,0.3315,0.0
Henry_Purcell,0.0035,0.0037,0.0111,0.3775,0.0005
Henry_Rollins,0.0005,0.0002,0.0072,0.272,0.0
Henry_VIII_of_England,0.0123,0.0178,0.0176,0.3866,0.0011
Henry_VII_of_England,0.0054,0.0069,0.0107,0.3358,0.0001
Henry_VI_of_England,0.0047,0.003,0.0083,0.2965,0.0
Henry_V_of_England,0.004,0.004,0.0089,0.3136,0.0
Hepatocellular_carcinoma,0.0015,0.0002,0.0073,0.2803,0.0
Heracles,0.0037,0.0044,0.0091,0.3317,0.0
Heraclius,0.0027,0.0025,0.0096,0.3403,0.0
Heraldry,0.0022,0.0091,0.0118,0.3523,0.0001
Herbert_Hoover,0.0081,0.0057,0.0098,0.3311,0.0002
Herbig-Haro_object,0.0037,0.0005,0.0073,0.263,0.0
Herbivore,0.004,0.0116,0.0135,0.3786,0.0005
Hernán_Cortés,0.0035,0.004,0.0095,0.3405,0.0
Hero_of_the_Russian_Federation,0.0017,0.0002,0.0072,0.2287,0.0
Herodotus,0.0027,0.0104,0.014,0.3745,0.0002
Heron,0.0017,0.0022,0.008,0.307,0.0
Herring_Gull,0.003,0.0007,0.0073,0.2306,0.0
Hey_Jude,0.0027,0.0012,0.0075,0.2767,0.0
High_German_consonant_shift,0.0022,0.0005,0.0078,0.3263,0.0
Hilda_of_Whitby,0.004,0.0005,0.0072,0.2264,0.0
Himalayas,0.0109,0.0123,0.0165,0.3823,0.0014
Himno_Nacional_Mexicano,0.0037,0.0002,0.0075,0.3171,0.0
Hindi,0.0091,0.0133,0.0195,0.4022,0.0004
Hinduism,0.0094,0.0316,0.0354,0.4579,0.0022
Hip_hop_music,0.0119,0.0114,0.0144,0.3902,0.0007
Hippocrates,0.0047,0.0052,0.0097,0.3486,0.0002
Hippopotamus,0.0109,0.0035,0.0092,0.3423,0.0002
Hirohito,0.0064,0.0017,0.0098,0.3625,0.0
History,0.0044,0.0168,0.0165,0.3824,0.0003
History_of_Alaska,0.0074,0.0002,0.0072,0.2137,0.0005
History_of_Anglo-Saxon_England,0.0084,0.001,0.0084,0.343,0.0002
History_of_Arizona,0.0123,0.0002,0.0072,0.2137,0.0005
History_of_Buddhism,0.0143,0.0005,0.0072,0.2388,0.0001
History_of_Central_Asia,0.0119,0.0002,0.0072,0.2666,0.0
History_of_Earth,0.024,0.0025,0.0085,0.3298,0.0006
History_of_Greece,0.0193,0.002,0.0084,0.3264,0.0002
History_of_Greenland,0.0091,0.0002,0.0072,0.2137,0.0
History_of_New_Jersey,0.0119,0.0002,0.0072,0.2137,0.0
History_of_Puerto_Rico,0.0111,0.0002,0.0072,0.2718,0.0022
History_of_Russia,0.018,0.0007,0.0074,0.2787,0.0
History_of_South_Africa,0.0259,0.0012,0.008,0.3207,0.0001
History_of_South_Africa_in_the_apartheid_era,0.0138,0.0012,0.008,0.3228,0.0001
History_of_South_Carolina,0.0119,0.0002,0.0072,0.2137,0.0
History_of_computing_hardware,0.0069,0.0005,0.0074,0.302,0.0001
History_of_democracy,0.0109,0.0007,0.0073,0.2594,0.0
History_of_nuclear_weapons,0.0158,0.0005,0.0074,0.3004,0.0001
History_of_post-Soviet_Russia,0.0072,0.001,0.0075,0.279,0.0
History_of_science,0.0341,0.0032,0.0086,0.3201,0.0008
History_of_slavery,0.0193,0.0002,0.0091,0.3731,0.003
History_of_the_Internet,0.0074,0.0005,0.0073,0.2584,0.0
History_of_the_world,0.0363,0.0015,0.0083,0.3357,0.0002
Ho_Chi_Minh,0.0069,0.0017,0.0082,0.3184,0.0
Ho_Chi_Minh_City,0.0044,0.0027,0.0097,0.3532,0.0
Holkham_Hall,0.0037,0.0005,0.0072,0.2316,0.0003
Hollandic,0.0017,0.002,0.0079,0.3031,0.0
Holmium,0.0067,0.0017,0.0079,0.2648,0.0
Holy_Roman_Empire,0.0109,0.023,0.0286,0.4336,0.0012
Homer,0.0057,0.0138,0.0162,0.3902,0.0004
Homestar_Runner,0.003,0.0007,0.0074,0.2756,0.0001
Homo_floresiensis,0.0057,0.0005,0.0074,0.2938,0.0
Honduras,0.0109,0.0106,0.0179,0.4081,0.0007
Honey,0.0091,0.0077,0.0109,0.3513,0.0005
Honey_bee,0.0044,0.0002,0.0072,0.2446,0.0
Hong_Kong,0.0168,0.0294,0.0295,0.437,0.0018
Hoover_Dam,0.004,0.0017,0.0077,0.292,0.0
Hopman_Cup,0.0049,0.0005,0.0072,0.2348,0.0004
"Horatio_Nelson,_1st_Viscount_Nelson",0.0104,0.0027,0.0084,0.3121,0.0003
Horn_of_Africa,0.0081,0.0035,0.0107,0.3541,0.0004
Horse,0.016,0.0128,0.0132,0.3642,0.0023
Hot_air_balloon,0.003,0.0017,0.0085,0.3426,0.0
House,0.0054,0.0022,0.0082,0.3213,0.0003
House_Martin,0.0027,0.0005,0.0072,0.2163,0.0003
House_Sparrow,0.0062,0.0015,0.0077,0.276,0.0009
House_of_Lords,0.0062,0.0146,0.0161,0.3758,0.0003
Household_income_in_the_United_States,0.0042,0.0007,0.0093,0.3732,0.0
"Houston,_Texas",0.0106,0.0106,0.0143,0.3895,0.001
Hovercraft,0.0027,0.0017,0.0079,0.3131,0.0
Howards_End,0.0017,0.0005,0.0072,0.2433,0.0
Howland_Island,0.0025,0.0007,0.0093,0.3732,0.0
Hubbard_Glacier,0.001,0.0002,0.0073,0.2863,0.0
Hubble's_law,0.0035,0.0017,0.0079,0.2916,0.0
Hubble_Deep_Field,0.0035,0.001,0.0075,0.2582,0.0
Hubble_Space_Telescope,0.0109,0.0111,0.0112,0.3162,0.0011
Hudson_Bay,0.002,0.0032,0.0098,0.3536,0.0
Hugo_Wolf,0.002,0.0005,0.0073,0.2732,0.0
Human,0.0338,0.0385,0.0296,0.4336,0.0098
Human_dignity,0.0002,0.0007,0.0075,0.2886,0.0
Human_rights,0.0175,0.0168,0.0209,0.3941,0.0021
Humanism,0.0054,0.0057,0.011,0.3616,0.0003
Humanities,0.0163,0.0037,0.0096,0.3461,0.0003
Humour,0.0017,0.0012,0.0077,0.304,0.0
Humpback_Whale,0.0064,0.0012,0.0075,0.2739,0.0002
Humphry_Davy,0.0069,0.0054,0.0098,0.3296,0.0002
Humus,0.0017,0.001,0.0075,0.2827,0.0
Hundred_Years'_War,0.0096,0.0049,0.0103,0.349,0.0004
Hungary,0.0121,0.0395,0.0413,0.4394,0.0021
Hunger,0.0007,0.0007,0.0075,0.3033,0.0
Huntington's_disease,0.0022,0.0007,0.0074,0.2684,0.0
Hurricane_Alex_(2004),0.0015,0.0005,0.0072,0.2374,0.0002
Hurricane_Andrew,0.0057,0.003,0.0086,0.3198,0.0001
Hurricane_Camille,0.0054,0.0022,0.008,0.2895,0.0
Hurricane_Charley,0.0052,0.0017,0.0079,0.3049,0.0002
Hurricane_David,0.0042,0.0002,0.0072,0.2626,0.0
Hurricane_Dennis,0.0049,0.0007,0.0076,0.3056,0.0004
Hurricane_Epsilon_(2005),0.0012,0.001,0.0075,0.2814,0.0
Hurricane_Floyd,0.0035,0.0012,0.0076,0.2896,0.0
Hurricane_Georges,0.0047,0.0015,0.0077,0.2889,0.0
Hurricane_Gloria,0.0015,0.0002,0.0072,0.1919,0.0
Hurricane_Ivan,0.0081,0.0035,0.0087,0.313,0.0002
Hurricane_Katrina,0.0133,0.0111,0.0132,0.3634,0.002
Hurricane_Lenny,0.0042,0.001,0.0075,0.2891,0.0
Hurricane_Mitch,0.0081,0.0025,0.0083,0.3069,0.0003
Hurricane_Philippe_(2005),0.0012,0.0002,0.0072,0.2238,0.0
Hurricane_Vince_(2005),0.0015,0.0002,0.0072,0.2238,0.0
Husein_Gradaščević,0.0044,0.0005,0.0075,0.2945,0.0
Hutu,0.0032,0.0022,0.0088,0.3331,0.0
"Hyde_Park,_London",0.0035,0.0027,0.0088,0.3343,0.0002
Hydrochloric_acid,0.0069,0.0089,0.0111,0.3289,0.0005
Hydrogen,0.0138,0.0365,0.0267,0.4093,0.0032
Hydrogen_peroxide,0.004,0.002,0.0081,0.303,0.0
Hydrology,0.0062,0.0035,0.0086,0.3202,0.0004
Hyena,0.0035,0.0032,0.0094,0.3472,0.0005
Hymenoptera,0.0027,0.0022,0.0079,0.272,0.0
IG_Farben_Building,0.003,0.0002,0.0072,0.2685,0.0
IPod,0.0052,0.0032,0.0083,0.3087,0.0004
ITunes,0.0096,0.0017,0.0076,0.2516,0.0005
I_Ching,0.0017,0.0007,0.0074,0.2817,0.0
I_Want_to_Hold_Your_Hand,0.0049,0.001,0.0075,0.2751,0.0
Ibn_Battuta,0.0099,0.0015,0.0077,0.2907,0.0
Ice,0.0052,0.0096,0.012,0.3599,0.0002
Ice_age,0.0059,0.0165,0.0181,0.404,0.0007
Ice_hockey,0.0136,0.0141,0.0193,0.412,0.0016
Ice_sheet,0.003,0.004,0.0103,0.3516,0.0001
Iceland,0.0106,0.0301,0.0345,0.4486,0.0028
Iceland_hotspot,0.0012,0.0002,0.0072,0.2365,0.0
Ichthyosaur,0.0054,0.0015,0.0078,0.2891,0.0
Idolatry,0.0025,0.0022,0.0089,0.341,0.0
Igneous_rock,0.0072,0.0032,0.0091,0.3425,0.0001
Igor_Stravinsky,0.0081,0.0047,0.0095,0.3405,0.0004
Iguanodon,0.0057,0.0012,0.0075,0.2661,0.0
Ike_Altgens,0.0022,0.0002,0.0072,0.23,0.0
Imagism,0.0049,0.0012,0.0075,0.2754,0.0
Immanuel_Kant,0.0074,0.0104,0.0141,0.3764,0.0005
Imperative_programming,0.0017,0.0005,0.0073,0.2535,0.0001
Imperial_Japanese_Navy,0.0086,0.003,0.0093,0.3469,0.0001
Impressionism,0.0049,0.0049,0.0104,0.3568,0.0002
Inca_Empire,0.0047,0.0074,0.0116,0.3582,0.0001
Income_disparity,0.002,0.0005,0.0074,0.2915,0.0
India,0.02,0.139,0.1029,0.5182,0.0126
Indian_Ocean,0.0185,0.0274,0.0298,0.4274,0.0025
Indian_Peafowl,0.0032,0.0002,0.0072,0.2069,0.0
Indian_Railways,0.0059,0.0022,0.008,0.2861,0.0003
Indian_Standard_Time,0.0032,0.0037,0.0095,0.343,0.0003
Indian_cricket_team,0.0042,0.0007,0.0074,0.2708,0.0003
Indian_independence_movement,0.0131,0.0064,0.0109,0.3497,0.0005
Indira_Gandhi,0.004,0.003,0.0092,0.3468,0.0
Indium,0.0081,0.0022,0.0083,0.3021,0.0
Indo-Greek_Kingdom,0.0074,0.002,0.0084,0.327,0.0008
Indonesia,0.0141,0.0472,0.0449,0.4525,0.0027
Indonesian_language,0.0064,0.0037,0.0108,0.37,0.0001
Indricotherium,0.0025,0.0005,0.0073,0.2687,0.0
Inductance,0.0002,0.0025,0.0083,0.2996,0.0
Indus_River,0.0059,0.0044,0.0107,0.3521,0.0003
Indus_Valley_Civilization,0.0089,0.0072,0.0126,0.3674,0.0003
Industrial_Revolution,0.0148,0.0207,0.0269,0.4415,0.0027
Industry,0.0044,0.0237,0.0244,0.4157,0.0005
Information,0.0047,0.0069,0.0109,0.3553,0.0004
Infrastructure,0.0027,0.0109,0.0151,0.3694,0.0002
Inner_Hebrides,0.0015,0.0012,0.0081,0.3215,0.0
Insect,0.0084,0.022,0.016,0.3578,0.0016
Insulin,0.0069,0.0022,0.0082,0.3144,0.0002
Integrated_circuit,0.0057,0.0062,0.0106,0.356,0.0004
Intel_Corporation,0.004,0.0005,0.0073,0.2848,0.0001
Intelligence,0.0015,0.0012,0.0079,0.3195,0.0
International_Court_of_Justice,0.0091,0.0052,0.0123,0.3628,0.0001
International_Red_Cross_and_Red_Crescent_Movement,0.021,0.0015,0.0105,0.3841,0.0004
International_Space_Station,0.0054,0.0091,0.0138,0.3902,0.0008
International_human_rights_instruments,0.0007,0.0005,0.0074,0.2828,0.0
International_law,0.0032,0.0049,0.0107,0.3561,0.0001
Internet,0.0081,0.0277,0.0264,0.4394,0.0027
Internet_Explorer,0.0032,0.0027,0.008,0.2701,0.0002
Interpol,0.0472,0.003,0.0128,0.3965,0.0005
Invasion,0.0158,0.0037,0.0099,0.3529,0.0003
Invasion_of_Grenada,0.0059,0.0012,0.0081,0.3243,0.0
Invasive_species,0.0049,0.0044,0.0097,0.3497,0.0006
Invertebrate,0.0025,0.0084,0.0107,0.3414,0.0001
Investment_banking,0.0015,0.0002,0.0072,0.2272,0.0
Iodine,0.0096,0.0074,0.0107,0.3402,0.0003
Ipswich,0.0062,0.002,0.0078,0.2858,0.0
Iran,0.0267,0.0521,0.0479,0.4558,0.0047
Iranian_peoples,0.0133,0.0032,0.0111,0.3635,0.0005
Iraq,0.0126,0.0353,0.0402,0.4491,0.0013
Iraq_War,0.0141,0.0049,0.0111,0.361,0.0002
Ireland,0.0175,0.0706,0.0484,0.4631,0.0062
Iridium,0.0086,0.0047,0.0093,0.3103,0.0004
Irish_Sea,0.0067,0.0047,0.0131,0.3849,0.0004
Irish_people,0.0195,0.0096,0.0153,0.3973,0.0024
Irish_poetry,0.0044,0.001,0.0078,0.3175,0.0002
Irish_theatre,0.0047,0.0002,0.0072,0.2335,0.0
Iron,0.0141,0.0479,0.0346,0.4347,0.0041
Iron(III)_chloride,0.0032,0.0017,0.0077,0.2592,0.0
Iron_Age,0.0049,0.0121,0.0156,0.3807,0.0002
Iron_Maiden,0.003,0.003,0.0111,0.3771,0.0
Irrigation,0.0049,0.0133,0.0163,0.3794,0.0003
Isaac,0.0027,0.0025,0.0092,0.3419,0.0
Isaac_Asimov,0.0086,0.004,0.0085,0.2945,0.0006
Isaac_Brock,0.0057,0.0005,0.0073,0.2969,0.0
Isaac_Newton,0.0138,0.0198,0.0172,0.379,0.0021
Isambard_Kingdom_Brunel,0.0062,0.0035,0.0107,0.373,0.0004
Isan,0.0109,0.0005,0.0076,0.3004,0.0
Ishango_bone,0.0022,0.0002,0.0079,0.3297,0.0001
Isis,0.0074,0.002,0.0081,0.3199,0.0002
Islam,0.0222,0.0701,0.0734,0.4894,0.007
Islamic_republic,0.0022,0.0007,0.008,0.3199,0.0
Island_Fox,0.0035,0.0002,0.0072,0.2646,0.0
Isle_of_Man,0.0119,0.0106,0.0192,0.424,0.0011
Isle_of_Wight,0.0089,0.0052,0.0106,0.3588,0.0009
Isles_of_Scilly,0.0037,0.0017,0.0084,0.3262,0.0001
Isospin,0.0017,0.0002,0.0072,0.2548,0.0
Israel,0.0417,0.0541,0.0493,0.4594,0.0049
Issyk_Kul,0.0027,0.0002,0.0072,0.1651,0.0
Istanbul,0.0254,0.0136,0.0197,0.3929,0.001
Italian_Renaissance,0.0136,0.003,0.0095,0.3479,0.0004
Italian_War_of_1521,0.0049,0.0007,0.0074,0.2674,0.0003
Italo_disco,0.0017,0.0002,0.0072,0.2346,0.0
Italy,0.021,0.1252,0.0956,0.5105,0.0077
Ivan_IV_of_Russia,0.0025,0.001,0.0079,0.3138,0.0
Ivory,0.0047,0.0064,0.01,0.331,0.0003
Ivory-billed_Woodpecker,0.0047,0.0005,0.0072,0.2393,0.0
Józef_Piłsudski,0.0114,0.0017,0.0083,0.3253,0.0
J._J._Thomson,0.003,0.0007,0.0075,0.2926,0.0
J._K._Rowling,0.0072,0.0012,0.0091,0.3585,0.0004
J._M._W._Turner,0.0044,0.0025,0.0099,0.3663,0.0004
J._R._R._Tolkien,0.0138,0.0037,0.0104,0.369,0.0017
J._S._Fry_&_Sons,0.001,0.0002,0.0072,0.2513,0.0
Jack_Kerouac,0.0052,0.003,0.0082,0.3049,0.0001
Jackal,0.0032,0.0017,0.0096,0.3599,0.0005
Jackanory,0.001,0.0005,0.0072,0.2293,0.0
Jackdaw,0.0047,0.0015,0.0076,0.2718,0.0001
Jackie_Robinson,0.0017,0.0012,0.0076,0.288,0.0005
Jacobite_rising,0.0084,0.0007,0.0074,0.2744,0.0
Jacques-Louis_David,0.0044,0.002,0.0085,0.3283,0.0
Jacques_Cartier,0.002,0.001,0.0085,0.3456,0.0
Jakarta,0.0077,0.0069,0.0129,0.3744,0.0002
Jake_Gyllenhaal,0.0052,0.0007,0.0073,0.2579,0.0003
Jamaica,0.0109,0.0207,0.0232,0.4155,0.0008
James_Bond,0.0089,0.0044,0.0091,0.3244,0.0005
James_Buchanan,0.0054,0.003,0.0084,0.3026,0.0
James_Callaghan,0.0079,0.0025,0.0082,0.2995,0.0
James_Clerk_Maxwell,0.0067,0.0067,0.0122,0.3838,0.0006
James_Cook,0.0116,0.0067,0.0118,0.3668,0.0009
James_D._Watson,0.004,0.0017,0.0082,0.3226,0.0
James_Garfield,0.0044,0.0012,0.0076,0.2767,0.0
James_II_of_England,0.0094,0.0099,0.0123,0.3523,0.0004
James_I_of_England,0.0081,0.0119,0.0142,0.3695,0.0003
James_Joyce,0.0089,0.0074,0.0108,0.3493,0.0005
James_K._Polk,0.0062,0.0037,0.0091,0.3216,0.0001
James_Lovelock,0.0047,0.0007,0.0074,0.2765,0.0
James_Monroe,0.0047,0.0027,0.0084,0.3095,0.0
James_Stewart_(actor),0.0054,0.001,0.0074,0.2761,0.0
James_Watt,0.0037,0.0017,0.0084,0.3366,0.0001
Jan_Mayen,0.0037,0.001,0.0081,0.3275,0.0
Jane_Austen,0.0057,0.0042,0.0115,0.3821,0.0005
Jane_Eyre,0.0047,0.0002,0.0072,0.2509,0.0
Jane_Fonda,0.0062,0.0012,0.0075,0.2768,0.0002
Japan,0.0242,0.1331,0.0956,0.5153,0.0146
Japanese_war_crimes,0.0116,0.0012,0.0101,0.365,0.0001
Japanese_yen,0.0067,0.003,0.0098,0.3576,0.0001
Jarvis_Island,0.002,0.0007,0.0093,0.3732,0.0
Jaws_(film),0.0027,0.0022,0.0079,0.2999,0.0002
Jazz,0.0064,0.0188,0.0187,0.4076,0.0018
Jean-Jacques_Rousseau,0.0074,0.0084,0.0121,0.3613,0.0002
Jehovah,0.0005,0.0005,0.0076,0.3048,0.0
Jerry_Fodor,0.0017,0.0012,0.0075,0.2676,0.0
Jersey,0.0081,0.0077,0.0163,0.4149,0.0007
Jersey_Zoological_Park,0.003,0.0005,0.0072,0.2475,0.0
Jerusalem,0.0099,0.0195,0.0222,0.4059,0.0013
Jesse_Owens,0.0037,0.0005,0.0074,0.3026,0.0
Jesus,0.0146,0.0269,0.0229,0.4027,0.0018
Jet_Set_Willy,0.0015,0.0002,0.0072,0.2076,0.0
Jet_engine,0.0027,0.0035,0.0123,0.3947,0.0003
Jew,0.0212,0.0615,0.0528,0.4614,0.0036
Jewellery,0.0148,0.0037,0.0088,0.3291,0.0003
Jiaogulan,0.0015,0.0002,0.0072,0.2703,0.0
Jimmy_Carter,0.0163,0.0079,0.0121,0.3556,0.0008
Jimmy_Wales,0.003,0.001,0.0074,0.2268,0.0001
Joan_of_Arc,0.0057,0.0012,0.0077,0.2998,0.0003
Jocelin,0.0025,0.0002,0.0073,0.2843,0.0
Johann_Pachelbel,0.0057,0.0005,0.0073,0.2762,0.0
Johann_Sebastian_Bach,0.0057,0.0069,0.0115,0.3626,0.0005
Johann_Wolfgang_Goethe,0.0096,0.0012,0.0079,0.3185,0.0001
Johannes_Gutenberg,0.0035,0.0012,0.009,0.352,0.0
Johannes_Kepler,0.0084,0.0072,0.0115,0.3653,0.0005
Johannes_Ockeghem,0.0012,0.0005,0.0074,0.2939,0.0
Johannesburg,0.0128,0.0079,0.0112,0.3553,0.0005
John_Adams,0.0054,0.0059,0.0105,0.3383,0.0001
John_Bull_(locomotive),0.003,0.0002,0.0072,0.2225,0.0
John_Cabot,0.0027,0.002,0.0094,0.3543,0.0
John_Calvin,0.0052,0.0044,0.01,0.3459,0.0002
John_Constable,0.0015,0.003,0.0091,0.3489,0.0
John_Dee,0.0099,0.0012,0.0078,0.3195,0.0003
John_F._Kennedy,0.0168,0.0136,0.0156,0.3898,0.0018
John_F._Kennedy_assassination,0.0047,0.002,0.008,0.2986,0.0003
John_Flamsteed,0.002,0.0017,0.0078,0.2859,0.0
John_Howard,0.0062,0.0032,0.0101,0.3575,0.0001
John_Locke,0.0096,0.0111,0.0145,0.3772,0.0019
John_Logie_Baird,0.0035,0.001,0.0078,0.3177,0.0
John_Marshall,0.0047,0.0012,0.0076,0.2875,0.0
John_Maynard_Keynes,0.0057,0.0049,0.0098,0.3381,0.0002
John_McEnroe,0.0077,0.002,0.0079,0.3054,0.0001
John_Millington_Synge,0.0049,0.0015,0.0079,0.3156,0.0
John_Milton,0.0032,0.0054,0.0122,0.3843,0.0003
John_Pershing,0.0116,0.0007,0.008,0.3284,0.0003
"John_Seigenthaler,_Sr.",0.0017,0.0002,0.0072,0.2267,0.0
John_Sentamu,0.0027,0.0005,0.0073,0.2938,0.0
John_Tyler,0.0025,0.0017,0.008,0.3007,0.0
John_Vanbrugh,0.0081,0.002,0.0078,0.2833,0.0005
John_W._Campbell,0.001,0.0007,0.0073,0.2641,0.0
John_of_England,0.0072,0.0044,0.0093,0.331,0.0003
John_von_Neumann,0.0099,0.004,0.0091,0.334,0.0009
Johnny_Appleseed,0.0027,0.0002,0.0072,0.2613,0.0
Johnston_Atoll,0.0017,0.0012,0.0095,0.3734,0.0
Jomsvikings,0.0015,0.0002,0.0072,0.2665,0.0
Jonah_Lomu,0.0044,0.0005,0.0073,0.2742,0.0
Jonathan_Wild,0.0027,0.0002,0.0072,0.2167,0.0
Jordan,0.0123,0.0168,0.0229,0.395,0.0004
Jordan_River,0.0049,0.003,0.0094,0.346,0.0001
Jorge_Luis_Borges,0.016,0.0037,0.0089,0.3315,0.0002
Joseph_Haydn,0.0032,0.0035,0.0091,0.334,0.0001
Joseph_Stalin,0.0165,0.0116,0.017,0.3778,0.0005
Josephus,0.0032,0.002,0.0083,0.3292,0.0
Juan_Sebastián_Elcano,0.0035,0.0005,0.0075,0.3001,0.0
Judaism,0.0116,0.0343,0.0456,0.4716,0.0033
Juice,0.0027,0.002,0.0078,0.2844,0.0001
Julius_Caesar,0.0052,0.0109,0.0137,0.375,0.0004
July_2006_Java_earthquake,0.0027,0.0005,0.0073,0.275,0.0
Jump_rope,0.0035,0.0002,0.0072,0.2562,0.0
Juniper_berry,0.0044,0.0025,0.0079,0.2623,0.0001
Jupiter,0.0128,0.0133,0.0129,0.3501,0.001
Jupiter_(mythology),0.0027,0.0022,0.0083,0.3252,0.0003
Jurassic,0.0074,0.0096,0.0121,0.361,0.0007
Juvenile_delinquency,0.001,0.0005,0.0073,0.2867,0.0
Jyllands-Posten_Muhammad_cartoons_controversy,0.0077,0.0005,0.0073,0.2768,0.0
Kīlauea,0.0015,0.0002,0.0074,0.305,0.0
Kaffir_lime,0.0027,0.0002,0.0072,0.2685,0.0
Kakapo,0.0067,0.001,0.0078,0.3172,0.0001
Kangaroo,0.0052,0.0037,0.0091,0.3412,0.0005
"Kansas_City,_Missouri",0.0106,0.0049,0.009,0.3149,0.0003
Karachi,0.0074,0.0044,0.0095,0.3347,0.0
Kargil_War,0.0057,0.0007,0.0087,0.3431,0.0002
Karl_Benz,0.0027,0.001,0.0087,0.3496,0.0
Karl_Marx,0.0156,0.0116,0.0158,0.3855,0.0008
Karl_Popper,0.0069,0.0054,0.0109,0.3537,0.0002
Kashmir_region,0.0044,0.0064,0.0112,0.3516,0.0001
Katana,0.001,0.001,0.0084,0.3435,0.0
Kazakhstan,0.0104,0.0217,0.0296,0.4165,0.0008
Keira_Knightley,0.002,0.0007,0.0074,0.2776,0.0
Kenya,0.0328,0.024,0.0247,0.4061,0.0025
Kerala,0.0091,0.0062,0.011,0.3529,0.001
Kevin_Spacey,0.0035,0.0002,0.0072,0.2453,0.0
Khan_Wali_Khan,0.0025,0.0002,0.0072,0.2289,0.0
Khartoum,0.0049,0.004,0.0098,0.344,0.0
Khazars,0.0141,0.004,0.0104,0.3493,0.0009
Khudai_Khidmatgar,0.0007,0.0007,0.0074,0.2722,0.0
Kiev,0.0104,0.0079,0.0139,0.3795,0.0006
Kigali,0.0042,0.001,0.0083,0.3322,0.0
Kigo,0.0136,0.0002,0.0072,0.2199,0.0004
King_Arthur,0.0067,0.0054,0.0104,0.3535,0.0003
King_Kong_(1933_film),0.0047,0.0007,0.0074,0.2719,0.0002
King_Kong_(2005_film),0.0037,0.001,0.0079,0.3201,0.0003
Kingman_Reef,0.001,0.0007,0.0093,0.3732,0.0
Kiribati,0.0059,0.0042,0.013,0.3895,0.0003
Kite_(bird),0.002,0.0015,0.0076,0.2757,0.0002
Kitsch,0.0067,0.0007,0.0074,0.2995,0.0
Kochi_(India),0.0104,0.001,0.0078,0.3124,0.0001
Kofi_Annan,0.0084,0.0047,0.0106,0.3451,0.0001
Kohlberg's_stages_of_moral_development,0.0025,0.0005,0.0073,0.2711,0.0
Kolkata,0.0074,0.0062,0.0107,0.351,0.0005
Konrad_Lorenz,0.004,0.0012,0.0081,0.3267,0.0001
Kookaburra,0.0015,0.0007,0.008,0.3363,0.0
Korea,0.0072,0.0178,0.0211,0.4064,0.0004
Koryaksky,0.0012,0.0007,0.0075,0.3051,0.0003
Kosovo,0.0114,0.0089,0.0195,0.4033,0.0003
Krakatoa,0.0059,0.001,0.0079,0.3161,0.0
Krazy_Kat,0.004,0.001,0.0074,0.2478,0.0
Krill,0.0057,0.0035,0.0085,0.3133,0.0001
Krypton,0.0064,0.0074,0.0108,0.3358,0.0001
Ku_Klux_Klan,0.0059,0.0047,0.0091,0.3186,0.0001
Kuala_Lumpur,0.0022,0.0047,0.0099,0.3428,0.0
Kubla_Khan,0.002,0.0007,0.0075,0.3017,0.0
Kuiper_belt,0.0032,0.0032,0.0083,0.2823,0.0
Kurt_Cobain,0.0057,0.0017,0.0078,0.293,0.0
Kuru_(disease),0.0025,0.0005,0.0073,0.2692,0.0
Kuwait,0.0064,0.016,0.022,0.3879,0.0002
Kuwait_City,0.0017,0.0015,0.0087,0.3393,0.0
Kylie_Minogue,0.0074,0.0015,0.009,0.3549,0.0007
Kyoto_Protocol,0.0104,0.003,0.0092,0.3449,0.0001
Kyrgyzstan,0.0099,0.0116,0.0192,0.3788,0.0003
L._S._Lowry,0.002,0.0007,0.0082,0.3411,0.0
La_Grande_Armée,0.0091,0.0005,0.0081,0.3369,0.0001
La_Paz,0.002,0.0015,0.008,0.3201,0.0
Labor_Day_Hurricane_of_1935,0.0049,0.0022,0.008,0.294,0.0006
Ladysmith_Black_Mambazo,0.004,0.0005,0.0077,0.3186,0.0
Lagos,0.0032,0.0017,0.0084,0.3288,0.0
Laika,0.0059,0.0015,0.0082,0.325,0.0003
Lake_Albert,0.002,0.0017,0.0081,0.3087,0.0
Lake_Baikal,0.0047,0.0017,0.0086,0.3401,0.0001
Lake_Burley_Griffin,0.0025,0.0005,0.0073,0.2645,0.0
Lake_Chad,0.003,0.0015,0.0084,0.3139,0.0
Lake_District,0.0077,0.0015,0.0099,0.3712,0.0008
Lake_Edward,0.0017,0.0017,0.0079,0.292,0.0
Lake_Kariba,0.0032,0.0005,0.0074,0.2799,0.0
Lake_Kivu,0.0022,0.0012,0.0077,0.28,0.0
Lake_Malawi,0.0032,0.001,0.0076,0.2817,0.0
Lake_Mead,0.001,0.0012,0.0075,0.2803,0.0
Lake_Powell,0.0015,0.0005,0.0072,0.2527,0.0
Lake_Superior,0.0052,0.0037,0.0086,0.3122,0.0001
Lake_Tahoe,0.002,0.0007,0.0077,0.3159,0.0
Lake_Tanganyika,0.0027,0.0047,0.0101,0.3416,0.0001
Lake_Titicaca,0.0012,0.0012,0.0082,0.3294,0.0
Lake_Toba,0.0032,0.001,0.0077,0.3107,0.0001
Lake_Turkana,0.0032,0.0002,0.0073,0.2889,0.0
Lake_Victoria,0.0049,0.003,0.0094,0.3421,0.0001
Lake_Vostok,0.0044,0.0005,0.0074,0.3036,0.0
Lance_Armstrong,0.0025,0.0012,0.0076,0.2815,0.0001
Land_(economics),0.0007,0.001,0.0076,0.2979,0.0
Landform,0.004,0.003,0.0086,0.3223,0.0001
Landscape,0.0012,0.0027,0.0086,0.3362,0.0001
Language,0.0059,0.0257,0.0238,0.4202,0.0015
Lanthanum,0.0069,0.0035,0.0085,0.268,0.0
Laos,0.0077,0.0148,0.0225,0.3973,0.0003
Laozi,0.0015,0.0015,0.008,0.3183,0.0
Las_Palmas_de_Gran_Canaria,0.001,0.0007,0.0094,0.356,0.0
"Las_Vegas,_Nevada",0.0086,0.0054,0.0114,0.3795,0.0003
Last_Supper,0.003,0.002,0.0087,0.3351,0.0
Latin,0.0072,0.104,0.0829,0.518,0.0047
Latin_America,0.0232,0.0249,0.0271,0.4348,0.0018
Latin_alphabet,0.0086,0.0114,0.0185,0.3944,0.0006
Latvia,0.0193,0.0165,0.0279,0.4176,0.0003
Laurence_Olivier,0.004,0.0035,0.009,0.3347,0.0005
Laurent_Fignon,0.001,0.0007,0.0073,0.2576,0.0
Lavender,0.0035,0.0007,0.0074,0.2669,0.0
Law,0.0242,0.0205,0.0224,0.412,0.0028
Lawn,0.0044,0.0015,0.0079,0.3132,0.0001
Lawrencium,0.004,0.0015,0.0078,0.263,0.0
Laws_in_Wales_Acts_1535–1542,0.0025,0.0025,0.01,0.3607,0.0001
Layla,0.0017,0.0002,0.0072,0.2519,0.0
Lead,0.0074,0.0227,0.0198,0.3897,0.0013
League_of_Nations,0.019,0.0138,0.0209,0.4059,0.001
Leaning_Tower_of_Pisa,0.0027,0.0005,0.0073,0.27,0.0
Lebanon,0.0474,0.0262,0.0362,0.431,0.0017
Leeds,0.0077,0.0054,0.0102,0.351,0.0002
Leicester,0.0109,0.0049,0.0101,0.3528,0.0008
Leif_Ericson,0.0037,0.0007,0.0076,0.3038,0.0
Leisure,0.0025,0.0012,0.0078,0.3237,0.0
Lemon,0.0077,0.0057,0.0095,0.3255,0.0007
Lemon_balm,0.0027,0.001,0.0074,0.2493,0.0
Lemon_myrtle,0.0022,0.0002,0.0072,0.2456,0.0
Lens_(anatomy),0.0012,0.0015,0.0076,0.2751,0.0
Leo_Tolstoy,0.0072,0.0054,0.0095,0.3352,0.0003
Leon_Trotsky,0.0111,0.004,0.0111,0.3552,0.0001
Leonardo_da_Vinci,0.0116,0.0081,0.0118,0.3603,0.0009
Leonhard_Euler,0.0081,0.0049,0.0094,0.3359,0.0004
Lerwick,0.0032,0.0005,0.0073,0.2519,0.0
Lesotho,0.0074,0.0116,0.0177,0.3768,0.0004
Lettuce,0.0049,0.001,0.0079,0.3264,0.0002
"Levee_failures_in_Greater_New_Orleans,_2005",0.0017,0.0007,0.0074,0.2666,0.0
Lhasa,0.0032,0.0015,0.0078,0.2883,0.0
Liberal_Democrats,0.0042,0.0069,0.0113,0.3501,0.0001
Liberal_democracy,0.0133,0.0059,0.0159,0.4088,0.0003
Liberalism,0.0249,0.0089,0.0165,0.3882,0.0009
Liberia,0.0052,0.0138,0.0226,0.4136,0.0001
Libertarianism,0.0064,0.0047,0.01,0.3412,0.0001
Library,0.0148,0.0074,0.0109,0.3496,0.0007
Library_of_Alexandria,0.0025,0.002,0.008,0.3118,0.0001
Library_of_Congress,0.0042,0.0052,0.0098,0.3381,0.0001
Libreville,0.0015,0.0012,0.0088,0.3427,0.0
Libya,0.0148,0.0237,0.0297,0.4096,0.0007
Liechtenstein,0.0279,0.0101,0.0211,0.4004,0.0004
Life,0.0037,0.0131,0.0145,0.3742,0.0003
Light,0.0136,0.0178,0.0159,0.3776,0.0022
Lighting_designer,0.0002,0.0005,0.0073,0.2721,0.0
Lightning_rod,0.0037,0.0007,0.0074,0.2682,0.0
Lille,0.0106,0.0044,0.0115,0.371,0.0002
Lilongwe,0.0022,0.0007,0.0081,0.3313,0.0
Lima,0.004,0.0035,0.0097,0.3439,0.0
Limerick,0.004,0.0017,0.0086,0.3334,0.0001
Lindisfarne_Gospels,0.0032,0.0007,0.0074,0.2772,0.0
Linear_algebra,0.0049,0.0012,0.0077,0.2965,0.0001
Linguistics,0.0027,0.0119,0.016,0.3993,0.0004
Link_(The_Legend_of_Zelda),0.0012,0.0002,0.0072,0.2062,0.0
Linus_Pauling,0.0128,0.0042,0.0091,0.3289,0.0005
Linus_Torvalds,0.0035,0.0025,0.0083,0.3246,0.0003
Linux,0.003,0.0094,0.0106,0.3319,0.0007
Lion,0.0101,0.0138,0.0178,0.4089,0.002
Lipid,0.0012,0.0037,0.0087,0.3103,0.0001
Liquid_crystal,0.0027,0.0012,0.0077,0.2838,0.0
Lisbon,0.0156,0.0077,0.0136,0.3792,0.0008
List_of_European_Union_member_states_by_accession,0.0225,0.0005,0.0075,0.2983,0.0
List_of_French_monarchs,0.003,0.0015,0.0078,0.2934,0.0
List_of_Prime_Ministers_of_the_United_Kingdom,0.019,0.0005,0.0074,0.2895,0.0
List_of_Test_cricket_triple_centuries,0.002,0.0002,0.0072,0.2131,0.0
List_of_U.S._states_by_date_of_statehood,0.0025,0.002,0.0085,0.3247,0.0
List_of_areas_in_the_National_Park_System_of_the_United_States,0.0052,0.0005,0.0092,0.3732,0.0012
List_of_circulating_currencies,0.0583,0.002,0.0091,0.3429,0.0003
List_of_countries,0.0602,0.0153,0.0239,0.413,0.0015
List_of_countries_by_system_of_government,0.0511,0.0602,0.079,0.4701,0.0052
List_of_elements_by_name,0.0294,0.0296,0.0208,0.3539,0.005
List_of_essential_oils,0.0044,0.0007,0.0073,0.2594,0.0001
List_of_monarchs_in_the_British_Isles,0.0158,0.0007,0.0074,0.2772,0.0
List_of_popes,0.0081,0.0002,0.0072,0.2632,0.0
List_of_rivers_by_length,0.0385,0.0007,0.0093,0.3741,0.0008
List_of_sovereign_states,0.0533,0.0104,0.0164,0.4004,0.0016
List_of_universities_in_the_United_Kingdom,0.0007,0.0002,0.0073,0.2966,0.0
List_of_vegetable_oils,0.0114,0.0007,0.0073,0.2594,0.0013
Literacy,0.0059,0.0091,0.0146,0.371,0.0002
Literature,0.0109,0.0195,0.0197,0.403,0.0014
Lithium,0.0096,0.0057,0.01,0.3153,0.0002
Lithium_aluminium_hydride,0.004,0.0005,0.0074,0.2925,0.0
Lithuania,0.0091,0.0225,0.0336,0.4303,0.0003
Little_Women,0.0037,0.0002,0.0072,0.193,0.0
Liverpool,0.0096,0.0128,0.015,0.3854,0.0006
Liverpool_F.C.,0.0025,0.003,0.0097,0.357,0.0
Liverpool_and_Manchester_Railway,0.0025,0.002,0.0081,0.3186,0.0001
Llandudno,0.0044,0.0002,0.0072,0.2272,0.0
Llywelyn_the_Great,0.003,0.0005,0.0073,0.2518,0.0
Local_government_in_the_United_Kingdom,0.0049,0.0002,0.0086,0.3535,0.0002
Loch,0.0017,0.0017,0.0092,0.3564,0.0001
Loch_Ness,0.0022,0.0007,0.0074,0.2717,0.0
Logic,0.0054,0.0096,0.0123,0.3572,0.0003
Logistics,0.002,0.0025,0.0081,0.3106,0.0002
Lomé,0.0037,0.001,0.0088,0.3429,0.0
London,0.0252,0.1321,0.0749,0.4936,0.0163
London_Bridge,0.0049,0.002,0.0085,0.3321,0.0001
London_Underground,0.0027,0.0059,0.0115,0.3681,0.0004
London_Zoo,0.003,0.0015,0.0076,0.2675,0.0
London_sewerage_system,0.002,0.0002,0.0072,0.2771,0.0
Long_pepper,0.0025,0.0005,0.0073,0.2396,0.0
Longship,0.003,0.0012,0.0077,0.3032,0.0
Looney_Tunes,0.0035,0.002,0.0077,0.2778,0.0001
Lord's_Resistance_Army,0.0027,0.0012,0.008,0.311,0.0
Lord_Voldemort,0.004,0.0002,0.0072,0.2404,0.0
"Los_Angeles,_California",0.0277,0.0178,0.0169,0.3943,0.0021
Lost_(TV_series),0.0062,0.0015,0.0076,0.2622,0.0001
Lothal,0.0072,0.001,0.0076,0.2948,0.0
Louis_Armstrong,0.0072,0.0022,0.008,0.3015,0.0001
Louis_Jordan,0.0042,0.0015,0.0077,0.2911,0.0
Louis_Pasteur,0.0037,0.0025,0.0087,0.3411,0.0001
Louis_XIV_of_France,0.0114,0.0079,0.0134,0.3746,0.0004
"Louisville,_Kentucky",0.0143,0.0032,0.0085,0.303,0.0002
Lovage,0.0015,0.0025,0.0079,0.2623,0.0
Love,0.0049,0.0047,0.0097,0.3523,0.0003
"Lucy,_Lady_Duff-Gordon",0.002,0.0002,0.0072,0.2505,0.0
Ludwig_Wittgenstein,0.0096,0.0049,0.0097,0.339,0.0003
Ludwig_van_Beethoven,0.003,0.0069,0.0116,0.3662,0.0001
Luftwaffe,0.0059,0.0084,0.0145,0.3842,0.0002
Luminiferous_aether,0.003,0.002,0.0083,0.3145,0.0
Lunar_eclipse,0.0025,0.0035,0.0092,0.3436,0.0
Lung_cancer,0.0069,0.0054,0.0094,0.3289,0.0002
Lusaka,0.0007,0.002,0.0089,0.3417,0.0
Lutetium,0.0067,0.002,0.0081,0.2695,0.0
Luxembourg,0.0094,0.0193,0.0301,0.4254,0.0002
Luxembourg_(city),0.0059,0.0007,0.0095,0.3592,0.0
Lyme_disease,0.0062,0.0012,0.0077,0.2936,0.0001
Lyndon_B._Johnson,0.0067,0.0054,0.0101,0.3346,0.0002
Lynton_and_Barnstaple_Railway,0.0027,0.0007,0.0073,0.2044,0.0003
Lyon,0.0064,0.0057,0.0118,0.3679,0.0002
M*A*S*H_(TV_series),0.0027,0.0002,0.0072,0.2338,0.0
M1_motorway,0.0037,0.0015,0.0076,0.2676,0.0
M25_motorway,0.0042,0.0015,0.0084,0.3334,0.0001
M6_motorway,0.0047,0.001,0.0076,0.283,0.0
MINI_(BMW),0.0015,0.0005,0.0074,0.2931,0.0
Macau,0.0111,0.0067,0.0167,0.4036,0.0002
Macbeth,0.004,0.0035,0.0086,0.3087,0.0003
Macbeth_of_Scotland,0.0032,0.002,0.0079,0.3,0.0
Macedon,0.0027,0.0069,0.0115,0.3517,0.0
Machu_Picchu,0.003,0.0017,0.0083,0.3288,0.0
Macintosh,0.004,0.0042,0.0084,0.2713,0.0002
Mackenzie_River,0.0017,0.0007,0.0075,0.3005,0.0
Madagascar,0.0373,0.0232,0.0257,0.3932,0.0015
Madama_Butterfly,0.0022,0.0002,0.0073,0.2874,0.0
Madrid,0.0175,0.016,0.0188,0.4051,0.0009
Magellanic_Penguin,0.0035,0.001,0.0078,0.2923,0.0001
Maghreb,0.0054,0.0035,0.0121,0.3728,0.0
Magic__The_Gathering,0.0035,0.0015,0.0076,0.2533,0.0
Maglev_train,0.0044,0.0015,0.0083,0.3336,0.0
Magma,0.0042,0.0081,0.0105,0.3361,0.0002
Magna_Carta,0.0099,0.0064,0.011,0.3477,0.0005
Magnesium,0.0104,0.0185,0.0168,0.3706,0.0008
Magnet,0.0025,0.0037,0.0092,0.3184,0.0001
Magnetism,0.0091,0.0306,0.0217,0.3656,0.0012
Magpie,0.0022,0.0015,0.0078,0.2985,0.0005
Mahabharata,0.0025,0.0059,0.0116,0.3623,0.0002
Mahatma_Gandhi,0.0099,0.0089,0.0132,0.3727,0.001
Mahjong,0.0049,0.0002,0.0072,0.2739,0.0
Mahmoud_Abbas,0.0059,0.0015,0.0079,0.3144,0.0
Maiasaura,0.0035,0.0002,0.0072,0.2652,0.0
Maize,0.0121,0.0163,0.0182,0.4054,0.0014
Makuria,0.0057,0.0002,0.0074,0.3002,0.0002
Malaria,0.0099,0.0128,0.014,0.3664,0.0005
Malaspina_Glacier,0.0002,0.0002,0.0072,0.1761,0.0
Malawi,0.0269,0.0106,0.0161,0.3715,0.0004
Malaysia,0.0138,0.0338,0.0341,0.4335,0.0024
Malcolm_III_of_Scotland,0.003,0.003,0.0083,0.299,0.0
Malcolm_II_of_Scotland,0.0032,0.0015,0.0077,0.2885,0.0
Malcolm_X,0.0094,0.0017,0.0078,0.2903,0.0001
Maldives,0.0084,0.0099,0.0173,0.3743,0.0002
Mali,0.0064,0.0173,0.0234,0.3838,0.0003
Mallard,0.0042,0.0005,0.0072,0.225,0.0
Malta,0.0096,0.0212,0.0302,0.424,0.0003
Malwa_(Madhya_Pradesh),0.0072,0.0007,0.0074,0.2643,0.0004
Mammal,0.0104,0.044,0.0292,0.4268,0.0055
Mammoth,0.0072,0.0032,0.0085,0.3258,0.0002
Mammoth_Cave_National_Park,0.0057,0.0005,0.0073,0.2784,0.0
Mancala,0.0044,0.0005,0.0073,0.2562,0.0
Manchester,0.023,0.0185,0.0168,0.3844,0.0028
Manchester_United_F.C.,0.0052,0.0049,0.0104,0.3587,0.001
Mandan,0.003,0.0002,0.0072,0.2143,0.0
Manganese,0.0069,0.0094,0.0119,0.3498,0.0003
Mango,0.0111,0.0047,0.0102,0.3536,0.0003
Manifest_Destiny,0.0128,0.002,0.0101,0.3827,0.0005
Manifold,0.0032,0.0015,0.0078,0.3026,0.0
Manila,0.0067,0.0054,0.0109,0.354,0.0001
Manorialism,0.0027,0.0012,0.0079,0.3176,0.0
Manuel_I_Komnenos,0.0069,0.0007,0.0076,0.3006,0.0
Manufacturing,0.0052,0.0138,0.0176,0.3963,0.0003
Mao_Zedong,0.0074,0.0079,0.0146,0.3763,0.0005
Map_projection,0.0015,0.0002,0.0072,0.2833,0.0
Maputo,0.004,0.0012,0.0087,0.3383,0.0
Marcel_Lefebvre,0.004,0.0005,0.0073,0.265,0.0
Marcel_Proust,0.0032,0.003,0.0082,0.2963,0.0
Marco_Polo,0.0057,0.0047,0.0098,0.3447,0.0001
Marcus_Allen,0.0007,0.0002,0.0072,0.2268,0.0
Margaret_Sanger,0.003,0.0005,0.0074,0.2972,0.0
Margaret_Thatcher,0.0178,0.0094,0.0128,0.357,0.0007
Margate,0.003,0.001,0.0074,0.2741,0.0
Margin_of_error,0.0007,0.0005,0.0073,0.2918,0.0
Marie_Curie,0.0042,0.0025,0.0091,0.3483,0.0002
Mario,0.0044,0.0017,0.0085,0.3407,0.0006
Marjoram,0.0094,0.0027,0.008,0.265,0.0
Mark_Antony,0.0047,0.0032,0.0092,0.3303,0.0
Mark_Twain,0.0042,0.0079,0.0113,0.358,0.0014
Mark_Twain_House,0.001,0.0002,0.0072,0.2636,0.0
Mark_Webber,0.0047,0.0002,0.0072,0.2686,0.0
Market,0.002,0.0101,0.0147,0.3877,0.0001
Markup_language,0.001,0.0012,0.0077,0.3025,0.0002
Mars,0.0148,0.0121,0.0125,0.3475,0.0021
Mars_Exploration_Rover,0.0054,0.0017,0.0079,0.3064,0.0001
Mars_Reconnaissance_Orbiter,0.0035,0.0012,0.0076,0.2843,0.0
Marseille,0.0104,0.0079,0.0124,0.3688,0.0006
Marshall_Islands,0.0054,0.0062,0.0159,0.4029,0.0001
Marshall_Plan,0.0138,0.0037,0.0125,0.3773,0.0001
Martin_Luther,0.0054,0.0091,0.0141,0.3766,0.0002
"Martin_Luther_King,_Jr.",0.0109,0.0059,0.0119,0.383,0.0009
Martin_Van_Buren,0.0049,0.0025,0.0082,0.3009,0.0
Martina_Navratilova,0.0035,0.001,0.0076,0.3059,0.0
Martinique,0.0044,0.0094,0.0171,0.3996,0.0001
Marvin_Gaye,0.0042,0.0015,0.0076,0.2878,0.0
Marxism,0.0202,0.0156,0.0178,0.3776,0.0009
Mary_II_of_England,0.0064,0.0052,0.0097,0.3306,0.0001
Mary_I_of_England,0.0081,0.0057,0.0102,0.3302,0.0001
Mary_I_of_Scotland,0.0084,0.004,0.0094,0.3262,0.0001
Mary_Seacole,0.0077,0.0002,0.0072,0.2704,0.0003
Maseru,0.001,0.0005,0.008,0.3315,0.0
Mass_Rapid_Transit_(Singapore),0.002,0.0007,0.0075,0.3057,0.0
Mass_media,0.0119,0.0126,0.0165,0.3984,0.002
Massospondylus,0.0037,0.0005,0.0072,0.2097,0.0003
Material_properties_of_diamond,0.0069,0.0007,0.0073,0.2138,0.0003
Mathematical_analysis,0.0044,0.0037,0.0087,0.3141,0.0002
Mathematics,0.0156,0.0346,0.0272,0.4178,0.0055
Matilda_of_Boulogne,0.001,0.0005,0.0072,0.2332,0.0
Matrix_(mathematics),0.002,0.0027,0.0082,0.315,0.0001
Matsuo_Bashō,0.0005,0.0007,0.0074,0.2818,0.0006
Matter,0.004,0.0096,0.0124,0.3583,0.0002
Matthew_Brettingham,0.0025,0.0002,0.0072,0.1881,0.0
Mauna_Loa,0.0022,0.0012,0.0079,0.3211,0.0
Mauritania,0.0067,0.016,0.0263,0.4144,0.0001
Mauritius,0.0099,0.0173,0.0224,0.3899,0.001
Mauthausen-Gusen_concentration_camp,0.0022,0.0002,0.0072,0.2776,0.0
Max_Planck,0.0044,0.0035,0.01,0.3591,0.0001
Max_Weber,0.0119,0.0052,0.0114,0.3666,0.0002
Maxwell's_equations,0.0044,0.0049,0.0095,0.324,0.0003
Maya_civilization,0.0104,0.0074,0.0115,0.3606,0.0008
Maya_mythology,0.0044,0.001,0.0075,0.2744,0.0
Mayotte,0.0027,0.0074,0.0155,0.3668,0.0
Mbabane,0.002,0.0007,0.0082,0.3321,0.0
McFly_(band),0.0027,0.0002,0.0072,0.2618,0.0
Meander,0.0007,0.0012,0.0076,0.2967,0.0001
Measles,0.004,0.0025,0.0086,0.3317,0.0001
Measurement,0.003,0.0027,0.0087,0.3315,0.0001
Meat,0.0054,0.0084,0.0135,0.3772,0.0006
Mecca,0.0022,0.0077,0.0122,0.3531,0.0001
Mechanical_work,0.002,0.0032,0.0088,0.3231,0.0
Medal_of_Honor,0.0089,0.0025,0.0081,0.2964,0.0003
Medicine,0.0111,0.022,0.0245,0.4412,0.0021
Medieval_commune,0.0027,0.0012,0.0085,0.3395,0.0001
Medieval_literature,0.0069,0.0012,0.0077,0.3077,0.0001
Medieval_music,0.0059,0.0017,0.0079,0.3078,0.0001
Mediterranean_Sea,0.0151,0.0444,0.0433,0.4483,0.002
Meitnerium,0.003,0.0015,0.0078,0.2648,0.0
Mekong,0.0057,0.0032,0.0107,0.3533,0.0001
Melbourne,0.0173,0.0121,0.013,0.3627,0.0015
Mendelevium,0.0037,0.002,0.008,0.2702,0.0
Mendip_Hills,0.0072,0.0017,0.0077,0.2882,0.0007
Meningitis,0.0037,0.0022,0.0081,0.3113,0.0001
Menstrual_cycle,0.0025,0.001,0.0078,0.3219,0.0
Mentha,0.0052,0.0027,0.008,0.2625,0.0001
Menthol,0.0025,0.0005,0.0073,0.2281,0.0
Mercantilism,0.004,0.004,0.0096,0.3443,0.0001
Mercia,0.0042,0.0044,0.0099,0.347,0.0002
Mercury_(element),0.0158,0.0146,0.0143,0.3603,0.0017
Mercury_(planet),0.0131,0.0091,0.0113,0.3343,0.0008
Merrimack_River,0.0012,0.0005,0.0074,0.2987,0.0
Merseburg_Incantations,0.0012,0.0002,0.0076,0.3235,0.0
Mesopotamia,0.0148,0.0225,0.0241,0.414,0.0018
Mestizo,0.0146,0.0074,0.0137,0.3595,0.0004
Metal,0.0106,0.0259,0.0204,0.3841,0.0018
Metallurgy,0.0054,0.0054,0.0103,0.3535,0.0002
Metamorphic_rock,0.0032,0.0037,0.0093,0.3462,0.0001
Meteor,0.0005,0.004,0.009,0.3332,0.0
Meteor_shower,0.0007,0.0002,0.0072,0.2229,0.0
Meteorological_history_of_Hurricane_Katrina,0.0042,0.0007,0.0074,0.2666,0.0
Meteorology,0.0054,0.0086,0.0116,0.3578,0.0003
Metric_expansion_of_space,0.0047,0.0017,0.0079,0.2916,0.0
Mexico,0.0165,0.0615,0.0447,0.4643,0.004
Mexico_City,0.0089,0.0121,0.0149,0.3873,0.0004
"Miami,_Florida",0.0188,0.0064,0.0126,0.3858,0.0007
Michael_Faraday,0.004,0.0037,0.0108,0.3781,0.0002
Michael_Jordan,0.0037,0.0015,0.0079,0.3104,0.0001
Michael_Ramsey,0.0017,0.0007,0.0075,0.2979,0.0
Michelangelo,0.0035,0.0067,0.0111,0.3516,0.0003
Michigan_State_University,0.0077,0.0012,0.0077,0.2978,0.0001
Mickey_Mantle,0.003,0.0002,0.0072,0.1828,0.0
Microraptor,0.0032,0.0015,0.0077,0.2726,0.0
Microscope,0.003,0.0074,0.0106,0.3493,0.0003
Microsoft,0.0032,0.0104,0.0111,0.3382,0.0006
Microsoft_Windows,0.002,0.0091,0.0102,0.3129,0.0003
Middle_Ages,0.017,0.0548,0.0498,0.4721,0.0049
Middle_East,0.0205,0.0486,0.048,0.4726,0.0026
Midway_Atoll,0.0049,0.001,0.0094,0.3739,0.0001
Miguel_de_Cervantes,0.003,0.0032,0.0092,0.3408,0.0
Mikhail_Gorbachev,0.0119,0.0079,0.014,0.3611,0.0003
Milan,0.0077,0.018,0.0199,0.4072,0.0007
Miles_Davis,0.0047,0.0022,0.008,0.3029,0.0
Milgram_experiment,0.0017,0.0002,0.0073,0.2861,0.0
Military_dictatorship,0.0168,0.0062,0.0131,0.3676,0.0002
Milk,0.0138,0.0094,0.0123,0.3589,0.0008
Milky_Way,0.0077,0.0089,0.0108,0.3263,0.0005
Millard_Fillmore,0.004,0.002,0.0081,0.3004,0.0
Milton_Keynes,0.0069,0.0012,0.0075,0.2794,0.0001
Mind,0.0037,0.0062,0.0106,0.3505,0.0001
Mineral,0.0091,0.0289,0.0219,0.3898,0.0012
Ming_Dynasty,0.0047,0.0081,0.0134,0.3697,0.0002
Mini,0.0022,0.0007,0.0073,0.2648,0.0
Minimum_wage,0.0059,0.0025,0.0087,0.3366,0.0001
Mining,0.0081,0.0193,0.0216,0.4152,0.0011
Minmi_(dinosaur),0.0025,0.0002,0.0072,0.2212,0.0
"Minneapolis,_Minnesota",0.0133,0.0032,0.0104,0.3762,0.0004
Minnesota,0.0153,0.0126,0.0151,0.391,0.0024
Minoan_civilization,0.0126,0.0035,0.0089,0.3305,0.0003
Minstrel_show,0.0032,0.0012,0.0076,0.2918,0.0
Miocene,0.0054,0.0086,0.0109,0.344,0.0003
Mir,0.0042,0.0027,0.0089,0.334,0.0001
Miranda_Otto,0.0035,0.0002,0.0072,0.2454,0.0
Mississippi_River,0.0064,0.0128,0.0155,0.3949,0.0004
Missouri_River,0.0054,0.0037,0.0106,0.3783,0.0001
Mistle_Thrush,0.003,0.0002,0.0072,0.1773,0.0
Mitochondrial_Eve,0.002,0.0007,0.0081,0.3331,0.0
Mitochondrion,0.0027,0.0025,0.0084,0.3119,0.0001
Mixed-breed_dog,0.0025,0.0005,0.0073,0.2616,0.0
Modern_history,0.0247,0.0005,0.0073,0.263,0.0
Modernist_poetry_in_English,0.0126,0.0007,0.0073,0.2742,0.0001
Mogadishu,0.0079,0.0015,0.0084,0.3353,0.0001
Mohs_scale_of_mineral_hardness,0.0035,0.0156,0.0149,0.3444,0.0001
Moldova,0.0091,0.0111,0.0213,0.3954,0.0001
Moldovans,0.0032,0.0007,0.0079,0.3071,0.0
Mole_(animal),0.0044,0.0005,0.0073,0.2692,0.0
Molybdenum,0.0106,0.0062,0.0105,0.3399,0.0003
Momentum,0.0022,0.0059,0.01,0.3337,0.0001
Mona_Lisa,0.0101,0.0025,0.0092,0.3454,0.0006
Monaco,0.0064,0.0119,0.0236,0.4111,0.0002
Monaco_Grand_Prix,0.0022,0.0002,0.0072,0.2681,0.0002
Monarchies_in_the_European_Union,0.0126,0.0005,0.0076,0.3049,0.0001
Monarchy,0.0279,0.0205,0.0255,0.4155,0.0019
Money,0.0072,0.0072,0.0122,0.3659,0.0003
Mongol_Empire,0.0074,0.0059,0.0117,0.3526,0.0001
Mongolia,0.0111,0.018,0.0217,0.3935,0.0007
Mongoose,0.0054,0.0007,0.0073,0.2579,0.0001
Monkey,0.004,0.0044,0.0093,0.3349,0.0001
Monoclonius,0.0042,0.0002,0.0072,0.2105,0.0
Monopoly_(game),0.0074,0.0017,0.0077,0.2889,0.0001
Monrovia,0.0022,0.0017,0.009,0.3439,0.0
Montenegro,0.0217,0.0106,0.024,0.403,0.0002
Montevideo,0.0049,0.0022,0.0098,0.3589,0.0
Montreal,0.0195,0.0133,0.0152,0.3802,0.0014
Montreal_Metro,0.0022,0.0005,0.0073,0.2757,0.0
Montserrat,0.0064,0.0054,0.0145,0.4048,0.0002
Monty_Python,0.0119,0.0032,0.0084,0.3123,0.0005
Moon,0.0119,0.0321,0.0238,0.4216,0.0035
Moon_landing,0.0032,0.0007,0.0074,0.2799,0.0
Moore's_Law,0.004,0.0002,0.0076,0.3223,0.0
Morecambe_Bay,0.0025,0.0005,0.0073,0.2708,0.0
Morecambe_and_Wise,0.0022,0.0005,0.0073,0.2441,0.0
Moringa_oleifera,0.0094,0.0002,0.0072,0.206,0.0
Mormon,0.002,0.003,0.0087,0.3261,0.0
Mormon_Trail,0.0022,0.0002,0.0072,0.2572,0.0
Morocco,0.0168,0.0336,0.0392,0.4388,0.0012
Morphine,0.0037,0.0027,0.0088,0.3396,0.0002
Morris_dance,0.0049,0.0002,0.0072,0.2745,0.0
Mosaic,0.0054,0.0054,0.0104,0.3523,0.0001
Moscow,0.0153,0.0289,0.0306,0.4355,0.0026
Mosque,0.0168,0.0141,0.0164,0.3776,0.0008
Moss,0.0022,0.0025,0.0084,0.3278,0.0
Mother_Teresa,0.0089,0.001,0.0076,0.2925,0.0
Motion_(physics),0.0022,0.0037,0.0095,0.3454,0.0001
Mount_Baker,0.002,0.0007,0.0074,0.2916,0.0
Mount_Everest,0.0069,0.0047,0.0108,0.3625,0.0004
Mount_Kilimanjaro,0.0027,0.002,0.0081,0.3165,0.0001
Mount_Nyiragongo,0.0027,0.0005,0.0073,0.2533,0.0
"Mount_Osmond,_South_Australia",0.0012,0.0002,0.0072,0.2559,0.0
Mount_Pinatubo,0.0084,0.0015,0.0079,0.3167,0.0002
Mount_Rainier,0.003,0.0017,0.008,0.317,0.0
Mount_Rushmore,0.0081,0.001,0.0078,0.3028,0.0006
Mount_St._Helens,0.0059,0.002,0.008,0.3137,0.0002
Mount_Unzen,0.0015,0.0005,0.0074,0.305,0.0
Mount_Vesuvius,0.0062,0.0015,0.0079,0.3182,0.0001
Mountain_Gorilla,0.0035,0.0002,0.0072,0.25,0.0
Mozambique,0.04,0.0222,0.0253,0.3906,0.0009
Mozilla_Firefox,0.004,0.0037,0.0083,0.2744,0.0003
Mu_Arae,0.004,0.0005,0.0074,0.2712,0.0
Muhammad,0.0091,0.0096,0.0137,0.3634,0.0004
Muhammad_Ali,0.002,0.0012,0.0075,0.2769,0.0
Muhammad_Ali_Jinnah,0.0054,0.0022,0.0082,0.3118,0.0001
Muhammad_Iqbal,0.0079,0.0005,0.0073,0.2721,0.0
Muhammad_ibn_Musa_al-Khwarizmi,0.0057,0.0007,0.0074,0.2662,0.0
Multiculturalism,0.0133,0.0049,0.0134,0.4016,0.0008
Multiple_sclerosis,0.0089,0.0025,0.0084,0.3271,0.0003
Multiple_sequence_alignment,0.0015,0.0002,0.0072,0.2304,0.0
Mumbai,0.0141,0.0099,0.0135,0.3689,0.0011
Mummy,0.0119,0.0037,0.0086,0.3195,0.0003
Munich,0.0136,0.016,0.0157,0.3784,0.0012
Murray_River,0.0035,0.0012,0.0076,0.3053,0.0
"Muscat,_Oman",0.0072,0.0012,0.0087,0.341,0.0
Music,0.0059,0.024,0.0238,0.4243,0.0012
Music_of_Antigua_and_Barbuda,0.002,0.0012,0.0075,0.2592,0.0
Music_of_Barbados,0.004,0.0015,0.0077,0.2944,0.0001
Music_of_Dominica,0.0035,0.0012,0.0075,0.2592,0.0001
Music_of_Hawaii,0.004,0.0005,0.0073,0.2724,0.0002
Music_of_Hungary,0.0057,0.0002,0.0075,0.3053,0.0
Music_of_Ireland,0.0052,0.001,0.0074,0.2761,0.0
Music_of_Italy,0.0074,0.0002,0.0072,0.2723,0.0
Music_of_Martinique_and_Guadeloupe,0.0042,0.0015,0.0076,0.2592,0.0001
Music_of_New_Zealand,0.004,0.0002,0.0072,0.2141,0.0
Music_of_Spain,0.0096,0.0015,0.0077,0.2932,0.0
Music_of_Trinidad_and_Tobago,0.0059,0.0015,0.0076,0.2592,0.0001
Music_of_the_Bahamas,0.0059,0.001,0.0074,0.2592,0.0
Music_of_the_Lesser_Antilles,0.0052,0.0007,0.0073,0.2059,0.0
Music_of_the_United_States,0.0141,0.0017,0.0097,0.374,0.0016
Music_of_the_trecento,0.003,0.0002,0.0072,0.2581,0.0
Musical_instrument,0.002,0.0116,0.0134,0.3642,0.0002
Mustard_plant,0.0035,0.0017,0.0079,0.3058,0.0003
Mustard_seed,0.0091,0.0002,0.0072,0.2342,0.0
Muttaburrasaurus,0.0035,0.0002,0.0073,0.284,0.0003
Myanmar,0.0114,0.024,0.0297,0.4199,0.001
Myco-heterotrophy,0.0005,0.0002,0.0072,0.2561,0.0
Myers-Briggs_Type_Indicator,0.0012,0.0002,0.0072,0.2468,0.0
Myocardial_infarction,0.004,0.0057,0.0092,0.3219,0.0003
Mysticism,0.0077,0.0052,0.0095,0.3355,0.0003
Mythology,0.0057,0.0151,0.0139,0.3682,0.0008
Myxobolus_cerebralis,0.0072,0.0002,0.0072,0.2794,0.0002
NATO,0.0237,0.0198,0.0352,0.4416,0.0017
Nadia_Comăneci,0.003,0.0002,0.0075,0.3084,0.0
Nagorno-Karabakh_War,0.0084,0.0005,0.0077,0.3001,0.0
Nahuatl_language,0.0035,0.0017,0.0082,0.3262,0.0
Nairobi,0.0077,0.004,0.01,0.3501,0.0001
Names_of_God_in_Judaism,0.0042,0.0007,0.0081,0.3313,0.0
Namibia,0.0106,0.0165,0.0217,0.399,0.0005
Napoleon_I_of_France,0.0119,0.0277,0.0292,0.4232,0.0015
Napoleonic_Wars,0.0099,0.0151,0.019,0.3979,0.0006
Napster,0.001,0.0002,0.0072,0.2359,0.0
Nash_equilibrium,0.0012,0.001,0.0074,0.2617,0.0
"Nashville,_Tennessee",0.0111,0.0052,0.0097,0.3292,0.0002
Natalie_Portman,0.0077,0.0012,0.0076,0.2899,0.0004
Nathu_La,0.0047,0.0002,0.0072,0.2598,0.0
National_Anthem_of_Russia,0.0027,0.0002,0.008,0.3368,0.0
"National_Gallery,_London",0.0089,0.0037,0.0092,0.338,0.0002
National_Hockey_League,0.0069,0.0077,0.0124,0.3622,0.0001
National_parks_of_England_and_Wales,0.0064,0.001,0.0083,0.3411,0.0009
Nationalism,0.0267,0.0175,0.022,0.4004,0.0015
Nationality,0.004,0.0064,0.0104,0.3395,0.0001
Natural_disaster,0.0158,0.0035,0.0085,0.3166,0.0003
Natural_gas,0.0101,0.0195,0.0282,0.4405,0.0016
Natural_selection,0.004,0.0109,0.0128,0.3645,0.0006
Nature,0.017,0.0099,0.0129,0.3675,0.0017
Nauru,0.0086,0.0059,0.0127,0.3636,0.0002
Naval_Battle_of_Guadalcanal,0.0035,0.0015,0.0087,0.3462,0.0006
Navassa_Island,0.0138,0.0007,0.01,0.3805,0.0001
Nazi_Germany,0.0116,0.0306,0.0314,0.4209,0.0016
Nazism,0.0123,0.0286,0.0268,0.412,0.0013
Necktie,0.0035,0.0007,0.0076,0.308,0.0
Neighbours,0.0035,0.0007,0.0074,0.2792,0.0
Neil_Armstrong,0.0084,0.004,0.0106,0.379,0.0013
Neil_Young,0.0072,0.001,0.0074,0.2777,0.0
Nelson_Mandela,0.0104,0.0079,0.0109,0.3452,0.0004
Nematode,0.0022,0.0005,0.0073,0.2791,0.0005
Neoclassicism,0.0096,0.0054,0.0099,0.344,0.0003
Neodymium,0.0062,0.0025,0.0083,0.2887,0.0
Neon,0.0062,0.0062,0.0109,0.3244,0.0001
Nepal,0.0091,0.017,0.0219,0.3893,0.0004
Neptune,0.0054,0.0062,0.0102,0.3389,0.0002
Neptunium,0.0054,0.0027,0.0083,0.2821,0.0
Netball,0.0037,0.0022,0.0093,0.3493,0.0
Netherlands,0.0286,0.0795,0.0694,0.4914,0.0072
Netherlands_Antilles,0.0101,0.0049,0.0155,0.4069,0.0001
Neutron,0.0049,0.0294,0.0216,0.366,0.0007
New_Caledonia,0.0079,0.0047,0.0132,0.3835,0.0002
New_Delhi,0.0027,0.0054,0.0108,0.3572,0.0
New_England_Patriots,0.0012,0.0007,0.0075,0.2926,0.0
New_Forest,0.0047,0.0015,0.0076,0.2824,0.0
New_York_City,0.0175,0.0694,0.0454,0.4624,0.0048
New_Zealand,0.0212,0.0684,0.0456,0.4591,0.008
New_moon,0.0012,0.001,0.0076,0.3067,0.0
"Newark,_New_Jersey",0.0094,0.0017,0.0084,0.3334,0.0002
Newcastle_upon_Tyne,0.0148,0.0044,0.0104,0.3606,0.0005
Newmarket,0.0037,0.0005,0.0074,0.278,0.0
Newspaper,0.0084,0.0091,0.012,0.3609,0.0005
Niagara_Falls,0.0052,0.0022,0.009,0.3484,0.0001
Nicaragua,0.0116,0.017,0.0212,0.4165,0.0009
Niccolò_Machiavelli,0.0025,0.0032,0.0089,0.3323,0.0
Niccolò_Paganini,0.0035,0.0015,0.0082,0.3283,0.0
Nickel,0.0086,0.0116,0.0141,0.3653,0.0007
Nicolaus_Copernicus,0.0111,0.0049,0.0108,0.3588,0.0003
Niels_Bohr,0.0069,0.0054,0.0104,0.351,0.0004
Niger,0.0109,0.0151,0.0212,0.3763,0.0003
Niger_River,0.0049,0.0037,0.0095,0.3246,0.0
Nigeria,0.0165,0.0237,0.0276,0.4205,0.0011
Nightingale,0.003,0.0005,0.0072,0.1973,0.0001
Nikola_Tesla,0.0131,0.0037,0.0092,0.3446,0.0005
Nikolai_Rimsky-Korsakov,0.0015,0.0017,0.0079,0.3064,0.0
Nile,0.0081,0.0148,0.0168,0.3774,0.0005
Nineteen_Eighty-Four,0.0116,0.0017,0.0078,0.2995,0.0002
Nintendo,0.0086,0.0057,0.01,0.3483,0.0015
Nintendo_DS,0.0027,0.0025,0.0079,0.2664,0.0
Nintendo_Entertainment_System,0.0037,0.0035,0.0083,0.2841,0.0001
Niobium,0.0109,0.0032,0.0087,0.2875,0.0001
Nirvana_(band),0.0037,0.0032,0.0083,0.3017,0.0
Nitrification,0.002,0.0012,0.0078,0.3005,0.0
Nitrogen,0.0114,0.0262,0.0214,0.3937,0.0018
Nitrogen_cycle,0.0047,0.0015,0.008,0.308,0.0
Nitrogen_fixation,0.002,0.003,0.0088,0.3259,0.0
Niue,0.0037,0.0037,0.0098,0.3449,0.0
Noam_Chomsky,0.0072,0.0042,0.0099,0.3455,0.0002
Nobel_Peace_Prize,0.0141,0.0099,0.0131,0.3556,0.0006
Nobelium,0.0042,0.002,0.008,0.275,0.0
Nobiin_language,0.0032,0.0007,0.0075,0.2864,0.0001
Norfolk,0.0077,0.0067,0.0107,0.3535,0.0007
Norfolk_Island,0.0079,0.0017,0.0088,0.3455,0.0001
Norman_Borlaug,0.0146,0.0007,0.0074,0.289,0.0001
Norman_conquest_of_England,0.0059,0.002,0.0088,0.3445,0.0
Norse_mythology,0.0057,0.0067,0.01,0.3413,0.0006
North_Africa,0.0081,0.0232,0.0302,0.4463,0.0006
North_America,0.019,0.0909,0.0632,0.4906,0.0064
North_Atlantic_oscillation,0.0032,0.0002,0.0072,0.2697,0.0
North_Korea,0.0081,0.0158,0.0264,0.4246,0.0003
North_Sea,0.0049,0.0148,0.0243,0.4278,0.0004
North_Sea_flood_of_1953,0.0042,0.0007,0.008,0.333,0.0
North_Sea_oil,0.0064,0.0015,0.0088,0.3452,0.0004
Northern_Ireland,0.0114,0.0195,0.0238,0.4186,0.0009
Northern_Mariana_Islands,0.0057,0.003,0.0107,0.3783,0.0001
Northern_Pacific_Railway,0.0059,0.0002,0.0072,0.1709,0.0002
Northwest_Africa,0.0067,0.0002,0.0074,0.3086,0.0
Norway,0.0153,0.0496,0.0444,0.4547,0.0029
Norwich,0.0114,0.0035,0.0083,0.3022,0.0002
Nostradamus,0.0062,0.0005,0.0072,0.2568,0.0
Nottingham,0.0153,0.0042,0.0096,0.3462,0.0004
Nouakchott,0.003,0.0012,0.009,0.3449,0.0
Novel,0.0136,0.018,0.0152,0.3788,0.0016
Novelty_(locomotive),0.0012,0.0002,0.0072,0.2179,0.0
Nuclear_fission,0.0084,0.0067,0.0106,0.3493,0.0003
Nuclear_power,0.0126,0.0059,0.0144,0.4044,0.0008
Nuclear_weapon,0.0079,0.017,0.0228,0.4293,0.0013
Number,0.0099,0.0032,0.0089,0.3328,0.0005
Numismatics,0.0035,0.0012,0.0087,0.339,0.0
Nurse_sharks,0.002,0.0002,0.0072,0.2239,0.0
Nuthatch,0.0017,0.0005,0.0072,0.2327,0.0
Nutmeg,0.0077,0.0042,0.0093,0.3309,0.0002
Nutrition,0.0126,0.004,0.0093,0.3407,0.0004
Oasis_(band),0.0049,0.0027,0.0105,0.3733,0.0006
Oat,0.0109,0.0027,0.009,0.3365,0.0001
Obi-Wan_Kenobi,0.0032,0.0007,0.0073,0.2222,0.0
Ocean,0.0106,0.0185,0.0188,0.3966,0.0018
Oceania,0.0121,0.0136,0.0214,0.4194,0.0007
Oceanography,0.0057,0.0032,0.0089,0.3358,0.0001
Odin,0.0037,0.0035,0.0086,0.3221,0.0001
Odysseus,0.0074,0.004,0.0088,0.3207,0.0002
Odyssey,0.0035,0.0062,0.0098,0.3299,0.0001
Oenothera,0.0047,0.0002,0.0072,0.206,0.0
Oil_painting,0.0025,0.0017,0.0079,0.3132,0.0
Oil_refinery,0.0044,0.0044,0.0098,0.3496,0.0003
Oil_reservoir,0.0027,0.001,0.008,0.3227,0.0
Okapi,0.0044,0.0005,0.0074,0.2849,0.0
Olaudah_Equiano,0.0027,0.0002,0.0072,0.2129,0.0
Old_English_language,0.0049,0.0099,0.0131,0.376,0.0003
Old_Nubian_language,0.002,0.0005,0.0072,0.2373,0.0
Old_Swiss_Confederacy,0.0022,0.0007,0.0073,0.2604,0.0
Oleg_of_Novgorod,0.001,0.0002,0.0072,0.2589,0.0
Oligarchy,0.0042,0.0079,0.0128,0.3622,0.0002
Oligocene,0.0047,0.0044,0.0092,0.3371,0.0002
Olive_oil,0.0141,0.0042,0.0102,0.35,0.0042
Oliver_Cromwell,0.0079,0.0111,0.0128,0.3541,0.0004
Oliver_Twist,0.0067,0.0007,0.0074,0.2853,0.0001
Ollanta_Humala,0.0042,0.0002,0.0074,0.3038,0.0
Olmec,0.0035,0.0015,0.0081,0.3283,0.0
Olympic_Games,0.0286,0.0188,0.0244,0.4337,0.0036
Oman,0.0059,0.0121,0.0199,0.3804,0.0001
Omega-3_fatty_acid,0.004,0.0017,0.0078,0.2941,0.0001
Onion,0.0054,0.004,0.0093,0.3419,0.0002
Onion_dome,0.0015,0.0007,0.0077,0.3111,0.0
OpenBSD,0.0032,0.0012,0.0075,0.2429,0.0
OpenOffice.org,0.003,0.0007,0.0075,0.3056,0.0003
Open_cluster,0.0044,0.0017,0.0079,0.2859,0.0
Open_source,0.0047,0.0027,0.008,0.2925,0.0005
Opera,0.0091,0.0193,0.0188,0.4033,0.0028
Oppression,0.0007,0.0012,0.0078,0.3045,0.0
Optical_fiber,0.0025,0.002,0.0082,0.3277,0.0001
Optical_microscope,0.0022,0.0005,0.0073,0.2636,0.0
Optical_telescope,0.0015,0.0005,0.0073,0.2628,0.0
Opus_Dei,0.0015,0.0005,0.0074,0.2803,0.0
Orbit_(anatomy),0.0007,0.0002,0.0072,0.2608,0.0
Orca,0.0101,0.0037,0.0087,0.3241,0.0004
Order_of_Canada,0.0047,0.0012,0.0077,0.2998,0.0
Order_of_St._Patrick,0.0054,0.0002,0.0072,0.2418,0.0
Order_of_the_Bath,0.0077,0.0032,0.0083,0.2867,0.0001
Order_of_the_Garter,0.0074,0.0077,0.0104,0.3178,0.0001
Order_of_the_Thistle,0.0059,0.0025,0.0083,0.3037,0.0001
Ordinal_number,0.001,0.0007,0.0074,0.2843,0.0
Ordinary_differential_equation,0.001,0.001,0.0074,0.2533,0.0
Ordination_of_women,0.0094,0.0007,0.0075,0.3015,0.0
Ordovician,0.0042,0.0035,0.0091,0.3348,0.0001
Oregano,0.0044,0.0035,0.0085,0.3102,0.0002
Oregon,0.0079,0.0096,0.0138,0.3916,0.0006
Organism,0.0111,0.0116,0.0146,0.3768,0.0011
Organization,0.0042,0.0032,0.0103,0.3537,0.0001
Orion_Nebula,0.0054,0.0012,0.0076,0.2817,0.0
Orkney,0.0086,0.0062,0.0121,0.3738,0.0004
Ornithischia,0.0037,0.0047,0.0089,0.2963,0.0001
Oroonoko,0.0062,0.0002,0.0072,0.2748,0.0
Osaka,0.0081,0.0047,0.0103,0.3524,0.0002
Osama_bin_Laden,0.0119,0.0037,0.0093,0.3317,0.0002
Osiris,0.003,0.0007,0.0074,0.2742,0.0001
Oslo,0.0062,0.0052,0.0131,0.3885,0.0001
Osmium,0.0074,0.0022,0.0082,0.2854,0.0001
Osprey,0.0059,0.0012,0.0075,0.2832,0.0001
Ostrich,0.0111,0.0044,0.0088,0.3039,0.0007
Oswald_of_Northumbria,0.0035,0.001,0.0074,0.2573,0.0
Ottawa,0.0079,0.0069,0.0126,0.373,0.0002
Otter,0.0037,0.002,0.008,0.3131,0.0001
Otto_von_Bismarck,0.0064,0.0017,0.0094,0.358,0.0
Ottoman_Empire,0.0207,0.0388,0.042,0.4297,0.0021
Ouagadougou,0.0047,0.001,0.0083,0.333,0.0
Outer_Hebrides,0.0015,0.0035,0.0089,0.3244,0.0
Overseas_Railroad,0.0025,0.0002,0.0072,0.1853,0.0
Oviraptor,0.0044,0.001,0.0075,0.2654,0.0001
Owl,0.0079,0.0054,0.0109,0.367,0.0014
Oxbow_lake,0.0022,0.0007,0.0074,0.2906,0.0003
Oxford,0.0091,0.0146,0.0133,0.3582,0.001
Oxygen,0.0074,0.0489,0.0312,0.4096,0.0023
Oxyrhynchus,0.0044,0.0005,0.0073,0.2786,0.0
Ozone,0.0106,0.0077,0.0109,0.3484,0.0004
Ozone_depletion,0.0042,0.003,0.0085,0.3151,0.0001
Póvoa_de_Varzim,0.0101,0.0005,0.0074,0.2934,0.0
PONG,0.0007,0.0015,0.0077,0.2957,0.0
PRR_GG1,0.0022,0.0005,0.0073,0.2785,0.0
PSR_B1620-26c,0.0025,0.0005,0.0073,0.231,0.0
Pablo_Picasso,0.0044,0.0069,0.0109,0.3482,0.0001
Pac-Man,0.0057,0.0012,0.0075,0.2749,0.0003
Pachycephalosaurus,0.0027,0.0002,0.0072,0.243,0.0
Pacific_Ocean,0.0215,0.041,0.0369,0.4484,0.0045
Painting,0.018,0.0094,0.0125,0.3673,0.0012
Pakistan,0.0116,0.0444,0.0444,0.4436,0.0029
Palace_of_Westminster,0.0096,0.0072,0.0137,0.383,0.0006
Palau,0.0064,0.0035,0.0127,0.3873,0.0002
Palazzo_Pitti,0.0042,0.0002,0.0072,0.2633,0.0
Paleocene,0.0057,0.003,0.0085,0.3111,0.0001
Paleontology,0.0057,0.0069,0.0108,0.3546,0.0003
Palestinian_territories,0.0044,0.004,0.0116,0.3562,0.0
Pali_Canon,0.0005,0.002,0.0081,0.3169,0.0
Palladian_architecture,0.0074,0.0012,0.0076,0.3014,0.0005
Palladium,0.0089,0.0044,0.0095,0.3194,0.0001
Palm_oil,0.004,0.0047,0.0105,0.3486,0.0004
Palmyra_Atoll,0.0037,0.0005,0.0092,0.3732,0.0
Pan_Am_Flight_103,0.0086,0.0015,0.0078,0.3061,0.0
Panama,0.0069,0.0143,0.0205,0.4125,0.0002
Panama_Canal,0.0069,0.0069,0.0115,0.361,0.0002
Papal_conclave,0.0067,0.001,0.0074,0.2501,0.0
Paprika,0.0022,0.0035,0.0087,0.3215,0.0
Papua_New_Guinea,0.0128,0.0111,0.0163,0.3844,0.0007
Paraguay,0.0049,0.0091,0.0152,0.3752,0.0001
Paris,0.0277,0.0728,0.0529,0.4744,0.0092
Park,0.0114,0.0047,0.0091,0.3334,0.0003
Parliament_of_Canada,0.004,0.003,0.0098,0.3536,0.0001
Parliament_of_Malaysia,0.0032,0.0012,0.0079,0.3134,0.0008
Parliament_of_the_United_Kingdom,0.0126,0.0151,0.018,0.3958,0.0009
Parliamentary_system,0.0185,0.0143,0.0254,0.4152,0.0013
Parrot,0.0062,0.004,0.0092,0.3419,0.0012
Parsley,0.0101,0.0037,0.0083,0.2719,0.0002
Parsnip,0.003,0.0007,0.0074,0.2638,0.0
Parthenon,0.0062,0.0037,0.0096,0.3459,0.0001
Pashtun_people,0.0121,0.0007,0.0076,0.2969,0.0003
Passenger_Pigeon,0.0042,0.001,0.0076,0.2795,0.0001
Pat_Cash,0.0037,0.0007,0.0073,0.2661,0.0
Patna,0.0057,0.001,0.0075,0.2975,0.0
Paul_Cézanne,0.0025,0.0025,0.0083,0.3194,0.0
Paul_Dirac,0.0079,0.0037,0.0092,0.3371,0.0006
Paul_Kane,0.0069,0.0005,0.0073,0.2859,0.0
Paul_McCartney,0.0133,0.0049,0.0091,0.3214,0.0004
Paul_of_Tarsus,0.0025,0.0089,0.0126,0.3573,0.0001
Pea,0.0064,0.0044,0.0102,0.3519,0.0003
Peace,0.0072,0.0042,0.011,0.3806,0.0002
Peaceful_coexistence,0.0037,0.0002,0.0073,0.2832,0.0
Peafowl,0.0027,0.0005,0.0073,0.2609,0.0003
Peak_District,0.0072,0.0012,0.0089,0.3539,0.0007
Peanut,0.0094,0.0049,0.0097,0.3331,0.0003
Pearl,0.0022,0.0042,0.0095,0.3408,0.0
Pedagogy,0.0012,0.0007,0.0074,0.2858,0.0
Pelé,0.004,0.0025,0.0088,0.3382,0.0001
Pelagic_zone,0.0012,0.0015,0.0077,0.2887,0.0
Pellagra,0.0022,0.0015,0.0077,0.3048,0.0
Pelycosaur,0.0027,0.0015,0.0079,0.3065,0.0
Penda_of_Mercia,0.0035,0.001,0.0074,0.259,0.0
Penguin,0.0077,0.0054,0.0097,0.3414,0.0005
Pennine_Way,0.0022,0.0005,0.0072,0.2615,0.0003
Pennsylvania_Railroad,0.0035,0.0057,0.0089,0.2869,0.0003
Pentateuch,0.0005,0.0012,0.0078,0.3113,0.0
People's_Republic_of_China,0.0215,0.0657,0.0657,0.4851,0.0047
Peregrine_Falcon,0.0072,0.0012,0.0075,0.2531,0.0
Perfect_number,0.001,0.0002,0.0072,0.2339,0.0
Pericles,0.0052,0.003,0.0086,0.3262,0.0001
Periodic_table,0.0331,0.0269,0.0193,0.3489,0.0047
Periodic_table_(large_version),0.0291,0.0002,0.0073,0.2587,0.0
Perl,0.0017,0.0027,0.0081,0.3094,0.0001
Permian,0.0074,0.0059,0.0101,0.3434,0.0003
Pernicious_anemia,0.001,0.0007,0.0073,0.2465,0.0
Persian_Empire,0.0151,0.0198,0.023,0.401,0.0011
Persian_Gulf,0.004,0.0121,0.0166,0.3711,0.0001
Persian_literature,0.0049,0.001,0.0078,0.3085,0.0
"Perth,_Western_Australia",0.0086,0.0072,0.0105,0.349,0.0006
Peru,0.023,0.0284,0.0293,0.4363,0.0038
Pete_Sampras,0.0121,0.0032,0.0084,0.3073,0.0004
Peter_Grimes,0.001,0.0002,0.0072,0.2723,0.0
Peter_I_of_Russia,0.0025,0.004,0.011,0.359,0.0
Peter_Paul_Rubens,0.003,0.0059,0.01,0.3395,0.0001
Peterborough_Chronicle,0.003,0.0007,0.0073,0.2345,0.0
Petroleum,0.0188,0.041,0.0429,0.4593,0.0046
Phase_(matter),0.0057,0.0383,0.0244,0.3677,0.0011
Pheidippides,0.0017,0.0002,0.0072,0.2475,0.0
Philadelphia,0.0116,0.0101,0.0134,0.389,0.001
Philately,0.0017,0.0007,0.0075,0.2952,0.0
Philip_II_of_Spain,0.0067,0.0059,0.0116,0.3554,0.0002
Philippines,0.0119,0.0383,0.0374,0.4492,0.0021
Philosophiae_Naturalis_Principia_Mathematica,0.0042,0.002,0.0086,0.3366,0.0001
Philosophy,0.0215,0.0452,0.0326,0.4278,0.005
Philosophy_of_mind,0.0084,0.0027,0.0086,0.3298,0.0006
Phishing,0.002,0.0007,0.0073,0.2209,0.0
Phoenix_(spacecraft),0.0025,0.001,0.0075,0.2759,0.0003
Phoenix_Zoo,0.0035,0.0002,0.0072,0.1761,0.0002
Phonograph_cylinder,0.0015,0.0005,0.0073,0.2739,0.0
Phosphorus,0.0128,0.0096,0.0127,0.359,0.0011
Phosphorus_tribromide,0.0017,0.0012,0.0077,0.288,0.0
Phosphorus_trichloride,0.0025,0.0005,0.0073,0.2649,0.0
Photography,0.0022,0.0084,0.0114,0.3591,0.0003
Photon,0.0089,0.0104,0.0125,0.3492,0.0006
Photosynthesis,0.0062,0.0123,0.0144,0.3791,0.0008
Photosynthetic_reaction_centre,0.0037,0.0002,0.0072,0.2749,0.0
Physical_paradox,0.0047,0.0002,0.0072,0.2669,0.0
Physical_science,0.0165,0.0012,0.0079,0.3119,0.0002
Physics,0.0264,0.0306,0.0222,0.3922,0.006
Pi,0.0067,0.0025,0.0091,0.3531,0.0004
Piano,0.0044,0.0136,0.0128,0.3503,0.0006
Piccadilly_Circus,0.0032,0.001,0.0082,0.3399,0.0001
Picts,0.0059,0.0047,0.0108,0.3615,0.0003
Pig,0.0027,0.0094,0.0124,0.3667,0.0003
Pigeon,0.0059,0.0022,0.008,0.2945,0.0002
Pigment,0.0069,0.0062,0.0099,0.3401,0.0005
Pikachu,0.0032,0.0005,0.0072,0.224,0.0
Pink_Pigeon,0.0017,0.001,0.0074,0.2556,0.0
Pinworm,0.0005,0.0002,0.0072,0.2182,0.0
Pitcairn_Islands,0.0072,0.0025,0.0094,0.3478,0.0001
Plains_Zebra,0.003,0.0002,0.0072,0.2424,0.0
Planet,0.0111,0.018,0.0165,0.3712,0.0039
Planetary_habitability,0.0128,0.0022,0.0079,0.2627,0.0013
Planetary_nebula,0.0067,0.002,0.0081,0.3039,0.0003
Plant,0.0173,0.041,0.0264,0.4024,0.0054
Plasma_(physics),0.0052,0.0067,0.011,0.3466,0.0002
Plate_tectonics,0.0099,0.0131,0.0162,0.3906,0.001
Platinum,0.0089,0.0079,0.0111,0.3456,0.0005
Plato,0.0109,0.0188,0.0173,0.3789,0.0011
Platypus,0.0064,0.002,0.0087,0.3465,0.0004
Playing_card,0.0064,0.0015,0.0076,0.2835,0.0001
Pleiades_(star_cluster),0.0081,0.0012,0.0076,0.2632,0.0003
Plesiosaur,0.0057,0.0017,0.0079,0.2891,0.0002
Pliocene,0.0077,0.0037,0.0086,0.3198,0.0002
Plover,0.0015,0.0007,0.0073,0.2636,0.0002
Plum,0.0032,0.003,0.0084,0.317,0.0
Pluto,0.0079,0.0052,0.0097,0.3342,0.0003
Plutonium,0.0101,0.0091,0.011,0.3333,0.0008
Plymouth,0.0079,0.0037,0.0122,0.3934,0.0004
Pneumonia,0.0064,0.0121,0.0125,0.3601,0.0011
Pochard,0.0047,0.0002,0.0072,0.1861,0.0002
Podcasting,0.0025,0.0015,0.0078,0.305,0.0006
Poetry,0.0096,0.0193,0.0182,0.3916,0.0026
Poetry_of_the_United_States,0.0081,0.0017,0.0096,0.3739,0.0009
Poison_gas_in_World_War_I,0.0089,0.0005,0.0079,0.3282,0.0
Pokémon_Trading_Card_Game,0.0022,0.0007,0.0073,0.2364,0.0
Poland,0.0151,0.0647,0.0612,0.4769,0.0029
Polar_coordinate_system,0.0032,0.0002,0.0072,0.2569,0.0
Polar_ice_cap,0.0032,0.001,0.0078,0.3179,0.0
Police,0.0153,0.0069,0.0106,0.3441,0.0004
Police_state,0.0027,0.0012,0.0086,0.3392,0.0
Polish-Lithuanian_Commonwealth,0.0183,0.0077,0.0133,0.3593,0.0011
Polish-Muscovite_War_(1605–1618),0.0057,0.0012,0.0075,0.2677,0.0
Polish-Soviet_War,0.0081,0.0037,0.0103,0.3419,0.0002
Political_economy,0.0047,0.0059,0.0104,0.3367,0.0001
Political_integration_of_India,0.0074,0.0002,0.0072,0.2139,0.0
Political_philosophy,0.0168,0.0077,0.0112,0.3419,0.0003
Political_science,0.0062,0.0084,0.0123,0.3618,0.0003
Politics,0.0138,0.0217,0.0208,0.4031,0.0011
Politics_of_the_United_Kingdom,0.0101,0.0022,0.0079,0.2857,0.0
Pollinator,0.0027,0.0027,0.0085,0.319,0.0001
Pollinator_decline,0.0049,0.0012,0.0076,0.2815,0.0001
Pollution,0.0101,0.0106,0.0145,0.3833,0.0009
Polonium,0.0062,0.0037,0.009,0.3056,0.0001
Polymerase_chain_reaction,0.0035,0.002,0.0081,0.3269,0.0001
Pompeii,0.0032,0.0049,0.0099,0.3445,0.0001
Pond,0.0025,0.004,0.0088,0.3299,0.0001
Pontiac's_Rebellion,0.0047,0.001,0.0075,0.2947,0.0
Pony,0.0005,0.0007,0.0074,0.2826,0.0
Poor_Law,0.002,0.0015,0.0077,0.3045,0.0
Pope,0.0077,0.0212,0.0229,0.4025,0.0004
Pope_Benedict_XVI,0.0123,0.0054,0.01,0.3377,0.0002
Pope_John_Paul_II,0.0281,0.0109,0.0132,0.3572,0.0018
Pope_Pius_XII,0.0123,0.0025,0.0086,0.3252,0.0003
Popular_culture,0.0054,0.0116,0.012,0.3581,0.0004
Popular_culture_studies,0.002,0.0002,0.0072,0.2008,0.0
Population_history_of_American_indigenous_peoples,0.0059,0.0002,0.0072,0.2727,0.0003
Porgy_and_Bess,0.0054,0.0007,0.0075,0.2985,0.0001
Port_Louis,0.0027,0.0005,0.0081,0.332,0.0
Porto-Novo,0.002,0.0007,0.0086,0.3423,0.0
Portsmouth,0.0104,0.0059,0.0113,0.3612,0.0004
Portugal,0.0128,0.076,0.0703,0.4793,0.0032
Portuguese_language,0.0138,0.0252,0.0302,0.4377,0.0013
Post-glacial_rebound,0.0057,0.0007,0.0077,0.3207,0.0
Postage_stamp,0.0044,0.0057,0.0099,0.347,0.0001
Potassium,0.0121,0.0173,0.015,0.3541,0.0014
Potassium_iodide,0.0032,0.0012,0.0077,0.3086,0.0
Potassium_nitrate,0.0022,0.003,0.0086,0.3164,0.0
Potato,0.0064,0.0101,0.0162,0.4052,0.0009
Pottery,0.0042,0.0101,0.0137,0.3782,0.0002
Poultry,0.0032,0.0047,0.0091,0.3288,0.0001
Pound_sterling,0.0099,0.0146,0.0167,0.3935,0.0006
Poverty,0.0136,0.016,0.018,0.3863,0.0017
Prague,0.0111,0.0143,0.017,0.3921,0.0007
Praia,0.0025,0.0007,0.0085,0.342,0.0
Praseodymium,0.0059,0.0015,0.0078,0.2633,0.0
Pre-Raphaelite_Brotherhood,0.0017,0.0007,0.0074,0.2895,0.0
Precambrian,0.0027,0.0052,0.01,0.3514,0.0001
President_of_the_United_States,0.0141,0.0375,0.0276,0.4137,0.004
Pretoria,0.0049,0.0047,0.0108,0.3603,0.0001
Pride_and_Prejudice,0.0025,0.0007,0.0074,0.2849,0.0
Prime_Minister_of_the_United_Kingdom,0.0091,0.0141,0.0181,0.3986,0.0008
Prime_number,0.004,0.003,0.0083,0.3052,0.0008
Primula,0.0025,0.0002,0.0072,0.263,0.0
Princeton_University,0.0094,0.0069,0.01,0.3402,0.0009
Principality,0.0064,0.0047,0.0141,0.3807,0.0
Printmaking,0.0025,0.0025,0.0089,0.3441,0.0001
Prion,0.004,0.0025,0.0085,0.3236,0.0001
Privy_Council_of_the_United_Kingdom,0.0052,0.0069,0.0106,0.3284,0.0001
Probability_theory,0.0017,0.0015,0.0079,0.3078,0.0
Programming_language,0.003,0.0037,0.0088,0.3288,0.0004
Project_Vanguard,0.0025,0.0007,0.0073,0.2574,0.0
Promethium,0.004,0.002,0.0081,0.2765,0.0
Propaganda,0.0114,0.0165,0.0155,0.3743,0.0007
Property,0.0081,0.0059,0.013,0.3937,0.0003
Prospecting,0.0007,0.0007,0.0075,0.2938,0.0
Prostate_cancer,0.0054,0.0042,0.0087,0.3183,0.0001
Protactinium,0.0049,0.002,0.0081,0.2783,0.0
Protein,0.0074,0.0235,0.0172,0.3681,0.0013
Protoceratops,0.0032,0.001,0.0075,0.2653,0.0
Proton,0.0025,0.0104,0.0129,0.3454,0.0
Proxima_Centauri,0.0015,0.0007,0.0074,0.2629,0.0
Psychology,0.0074,0.0156,0.015,0.3699,0.001
Pterosaur,0.0057,0.0025,0.0082,0.2924,0.0001
Ptolemy,0.0064,0.0106,0.0147,0.3951,0.0007
Publishing,0.0035,0.0057,0.0134,0.4,0.0021
Puerto_Rico,0.0148,0.0173,0.021,0.4188,0.0014
Puffin,0.0015,0.001,0.0075,0.2842,0.0
Pumpkin,0.0049,0.0015,0.0078,0.2937,0.0
Punctuated_equilibrium,0.0017,0.0012,0.0078,0.3024,0.0
Pupil,0.0025,0.0012,0.008,0.329,0.0002
Pyongyang,0.0035,0.0017,0.009,0.3408,0.0
Pyotr_Ilyich_Tchaikovsky,0.0052,0.004,0.0092,0.3386,0.0002
Pyramid,0.0042,0.0032,0.0087,0.3267,0.0001
Pyrite,0.0052,0.003,0.0092,0.3418,0.0001
Pythagoras,0.0042,0.004,0.0092,0.3395,0.0001
Pythagorean_theorem,0.004,0.0022,0.0081,0.3053,0.0001
Python_(programming_language),0.0022,0.0005,0.0074,0.3029,0.0
Qatar,0.0101,0.0138,0.0222,0.41,0.0007
Qin_Dynasty,0.0015,0.0025,0.0096,0.3486,0.0
Qin_Shi_Huang,0.0054,0.0015,0.0078,0.2976,0.0001
Qing_Dynasty,0.0067,0.0086,0.0139,0.3686,0.0002
Quantity,0.0015,0.001,0.0077,0.3118,0.0
Quantum_chemistry,0.0025,0.0017,0.008,0.2957,0.0
Quantum_computer,0.0032,0.0015,0.008,0.3186,0.0001
Quantum_mechanics,0.0101,0.0151,0.015,0.369,0.001
Quark,0.0025,0.003,0.0087,0.3108,0.0001
Quartz,0.0035,0.0074,0.0109,0.3467,0.0001
Quatermass_and_the_Pit,0.0072,0.0002,0.0072,0.1769,0.0
Queen_(band),0.0126,0.0035,0.0114,0.3779,0.0008
Quetzalcoatl,0.0035,0.001,0.0074,0.2721,0.0
Quito,0.0067,0.0022,0.0087,0.3329,0.0001
Qur'an,0.0057,0.0131,0.0161,0.376,0.0002
Réunion,0.0059,0.0077,0.0138,0.3628,0.0003
RER,0.0005,0.0005,0.0078,0.3239,0.0
RMS_Titanic,0.0086,0.0027,0.0088,0.3342,0.0004
ROT13,0.0037,0.0002,0.0072,0.2,0.0
RSS_(file_format),0.0015,0.0012,0.0075,0.2395,0.0
Rabat,0.002,0.0015,0.0094,0.3499,0.0
Rabbit,0.0027,0.0047,0.0088,0.303,0.0002
Rabies,0.0072,0.0037,0.0084,0.2996,0.0002
Rabindranath_Tagore,0.016,0.0027,0.0099,0.3547,0.0004
Race,0.0091,0.0081,0.013,0.3794,0.0007
Radar,0.0059,0.0099,0.0121,0.3676,0.0004
Radio,0.0079,0.0242,0.018,0.3855,0.002
Radio_frequency,0.003,0.0022,0.0081,0.3038,0.0
Radio_telescope,0.003,0.002,0.0081,0.3171,0.0
Radish,0.0035,0.001,0.0077,0.3027,0.0001
Radium,0.0094,0.0052,0.0094,0.3197,0.0002
Radon,0.0089,0.0101,0.011,0.3147,0.0006
Ragtime,0.0012,0.0017,0.0079,0.3018,0.0
Rail_transport,0.0109,0.0081,0.0126,0.3658,0.0005
Rail_transport_in_India,0.0064,0.0005,0.0073,0.2555,0.0
Railway_post_office,0.0015,0.0002,0.0072,0.278,0.0
Rain,0.0081,0.0126,0.0149,0.3896,0.0006
Rainbow,0.0062,0.0027,0.0086,0.3301,0.0001
Rainforest,0.0077,0.0104,0.0154,0.3897,0.0006
Rainhill_Trials,0.0012,0.001,0.0075,0.2786,0.0003
Ralph_Nader,0.0067,0.001,0.0075,0.286,0.0001
Rama,0.0054,0.002,0.0083,0.3246,0.0
Ramayana,0.0049,0.0054,0.0117,0.3621,0.0002
Ramesses_II,0.003,0.0017,0.0085,0.3328,0.0002
Ramsgate,0.0074,0.0017,0.0078,0.2996,0.0001
Ran_(film),0.0017,0.0002,0.0072,0.1989,0.0002
Raney_nickel,0.0052,0.0002,0.0072,0.2676,0.0
Raphael,0.0059,0.0062,0.0109,0.3575,0.0004
Rapping,0.004,0.0027,0.0082,0.3042,0.0001
Raven,0.0032,0.0032,0.0084,0.3179,0.0002
Ray_of_Light,0.004,0.0002,0.0072,0.2619,0.0
Real_tennis,0.0049,0.0005,0.0075,0.3075,0.0
Recorder,0.0057,0.0017,0.0077,0.2677,0.0001
Recycling,0.0064,0.0037,0.0091,0.342,0.0002
Red_Kite,0.0049,0.0007,0.0073,0.2193,0.0001
Red_Panda,0.0067,0.0005,0.0073,0.2685,0.0
Red_Sea,0.0079,0.0126,0.0173,0.3832,0.0004
Red_dwarf,0.0027,0.0044,0.0087,0.2731,0.0
Red_giant,0.0022,0.0027,0.0087,0.3284,0.0001
Red_rain_in_Kerala,0.0077,0.0002,0.0072,0.2609,0.0
Redshift,0.0096,0.0035,0.0086,0.3066,0.0002
Redwing,0.0037,0.0005,0.0074,0.2759,0.0006
Redwood_National_and_State_Parks,0.0044,0.0012,0.0079,0.3202,0.0001
Reed_Warbler,0.0025,0.0005,0.0072,0.198,0.0
Refining,0.002,0.0005,0.0075,0.2934,0.0
Refrigerator_car,0.0089,0.0007,0.0073,0.2595,0.0013
Regent's_Park,0.0022,0.0017,0.0084,0.3329,0.0001
Reggae,0.0067,0.0067,0.0104,0.3444,0.0015
Reggaeton,0.0072,0.0017,0.008,0.3083,0.0001
Religion,0.0116,0.0395,0.0333,0.4314,0.0024
Religious_Society_of_Friends,0.0057,0.0054,0.012,0.3954,0.0007
Rembrandt,0.0069,0.0012,0.0076,0.2924,0.0001
René_Descartes,0.0089,0.0079,0.0115,0.358,0.0004
Renaissance,0.0156,0.0277,0.0277,0.43,0.002
Renaissance_music,0.0017,0.0017,0.0079,0.3065,0.0
Renminbi,0.0037,0.0027,0.0093,0.3395,0.0
Renormalization,0.004,0.0017,0.0079,0.2926,0.0
Reptile,0.0069,0.022,0.0173,0.375,0.0014
Republic_of_China,0.0143,0.0165,0.0252,0.4174,0.0005
Republic_of_Ireland,0.0133,0.0294,0.0377,0.4524,0.0023
Republic_of_Macedonia,0.0193,0.0091,0.0189,0.3909,0.0001
Republic_of_the_Congo,0.0054,0.0114,0.0198,0.4046,0.0001
Restoration_comedy,0.0042,0.0015,0.0075,0.2271,0.0002
Retina,0.0027,0.0059,0.0094,0.3116,0.0002
Retinol,0.004,0.001,0.0074,0.2634,0.0
Retreat_of_glaciers_since_1850,0.0131,0.0025,0.0082,0.3102,0.0004
Revolution,0.0084,0.0052,0.0119,0.3694,0.0002
Reza_Shah,0.0035,0.0005,0.0078,0.3189,0.0
Rhenium,0.0079,0.0027,0.0084,0.286,0.0
Rhine,0.0131,0.0094,0.0167,0.3934,0.0008
Rhode_Island,0.0025,0.0077,0.0131,0.3847,0.0001
Rhodium,0.0084,0.0032,0.0085,0.2873,0.0006
Rhodium(III)_chloride,0.0017,0.0002,0.0072,0.2232,0.0
Rhubarb,0.004,0.0002,0.0073,0.2799,0.0
Rhythm_and_blues,0.0025,0.0079,0.012,0.3791,0.0001
Rice,0.0244,0.0128,0.0192,0.4141,0.0017
Richard_Feynman,0.0081,0.0062,0.0099,0.3334,0.0005
Richard_Francis_Burton,0.0099,0.0017,0.0085,0.3322,0.0002
Richard_III_(play),0.004,0.0027,0.0081,0.2826,0.0001
Richard_III_of_England,0.0067,0.0035,0.0093,0.3389,0.0002
Richard_II_of_England,0.0044,0.0032,0.0086,0.2977,0.0
Richard_I_of_England,0.0062,0.004,0.0099,0.353,0.0001
Richard_Nixon,0.0136,0.0114,0.0127,0.3518,0.0005
Richard_O'Connor,0.0086,0.0002,0.0072,0.2602,0.0
Richard_Stallman,0.0057,0.003,0.0082,0.2871,0.0006
Richard_Wagner,0.0106,0.0081,0.0128,0.3731,0.001
"Richmond,_Virginia",0.0111,0.0049,0.0094,0.3209,0.0003
Riesling,0.0027,0.0005,0.0073,0.2813,0.0
Right_whale,0.0079,0.0005,0.0076,0.3153,0.0
Ringed_Plover,0.0032,0.0002,0.0072,0.2086,0.0001
Rio_Tinto_Group,0.0049,0.0002,0.0072,0.1624,0.0
Rio_de_Janeiro,0.0106,0.0072,0.0126,0.3646,0.0003
River,0.0242,0.021,0.0206,0.4095,0.0047
River_Severn,0.0042,0.0037,0.0097,0.3522,0.0005
River_Thames,0.0079,0.0091,0.0142,0.3856,0.001
Riyadh,0.0017,0.0017,0.0093,0.3514,0.0
Roald_Amundsen,0.0035,0.0002,0.0073,0.303,0.0
"Robert_Baden-Powell,_1st_Baron_Baden-Powell",0.0049,0.0012,0.0076,0.2845,0.0
Robert_Boyle,0.0069,0.0044,0.0095,0.3394,0.0002
"Robert_Gascoyne-Cecil,_3rd_Marquess_of_Salisbury",0.0037,0.0037,0.0088,0.3141,0.0
Robert_Oppenheimer,0.0114,0.0017,0.0077,0.2685,0.0001
Robert_Owen,0.004,0.0015,0.0083,0.3277,0.0
Robert_Peel,0.0074,0.0044,0.0092,0.3228,0.0001
Robert_Schumann,0.0037,0.0035,0.0101,0.3599,0.0
Robert_Stephenson,0.0025,0.0015,0.0077,0.2863,0.0
Robinson_Crusoe,0.0059,0.0012,0.0075,0.277,0.0
Roche_limit,0.0025,0.0015,0.0077,0.2837,0.0
Rock_Pigeon,0.0067,0.002,0.0079,0.2982,0.0002
Rock_of_Gibraltar,0.0025,0.0002,0.0073,0.2989,0.0
Rockall,0.0067,0.0017,0.0088,0.3421,0.0001
Rocky_Mountains,0.0106,0.0086,0.0136,0.3894,0.001
Rococo,0.0054,0.0037,0.0089,0.3249,0.0002
Roentgenium,0.0035,0.0015,0.008,0.307,0.0
Roman_Britain,0.0114,0.0074,0.0132,0.3817,0.0014
Roman_Catholic_Church,0.0136,0.056,0.0464,0.4454,0.0047
Roman_Empire,0.0131,0.0531,0.0504,0.456,0.0026
Roman_Greece,0.0044,0.002,0.0087,0.3367,0.0
Roman_law,0.0042,0.0022,0.0108,0.3715,0.0
Roman_mythology,0.0022,0.0067,0.0107,0.3513,0.0001
Roman_road,0.0059,0.0025,0.0084,0.3259,0.0001
Roman_villa,0.002,0.0012,0.008,0.3284,0.0
Romania,0.0143,0.0346,0.0408,0.4458,0.0013
Romanticism,0.0099,0.0175,0.0173,0.3838,0.001
Rome,0.0175,0.0484,0.0382,0.4512,0.0029
Romeo_and_Juliet,0.0027,0.0022,0.0078,0.2831,0.0001
Romulus_Augustus,0.0025,0.0012,0.0085,0.3304,0.0
Ronald_Reagan,0.022,0.0143,0.0153,0.3649,0.0018
Rook_(bird),0.0052,0.0005,0.0073,0.2489,0.0
Rosa_Parks,0.0049,0.0007,0.0074,0.2829,0.0
Rose-ringed_Parakeet,0.0067,0.0002,0.0072,0.2548,0.0
Rosemary,0.0027,0.0037,0.0083,0.268,0.0
Rosetta_Stone,0.0017,0.0012,0.0079,0.3175,0.0001
Rotterdam,0.0074,0.0091,0.0139,0.3732,0.0002
Rowan_Williams,0.004,0.002,0.0083,0.3138,0.0
Royal_Air_Force,0.0072,0.0094,0.0143,0.3827,0.0002
Royal_Dutch_Shell,0.0062,0.0012,0.0084,0.3342,0.0001
Royal_Geographical_Society,0.0032,0.0007,0.0074,0.2833,0.0
Royal_Marines,0.0109,0.002,0.0097,0.3616,0.0004
Royal_National_Theatre,0.0022,0.0022,0.0078,0.2576,0.0001
Royal_Navy,0.0158,0.022,0.0233,0.419,0.0022
Royal_Parks_of_London,0.0015,0.001,0.0081,0.3313,0.0
Rubidium,0.0074,0.0035,0.009,0.3239,0.0001
Rubik's_Cube,0.004,0.0005,0.0073,0.2846,0.0
Rudyard_Kipling,0.0111,0.0049,0.0098,0.3513,0.0007
Rugby_World_Cup,0.0047,0.0027,0.0115,0.374,0.0003
Rugby_football,0.002,0.0042,0.013,0.389,0.0001
Rule_of_St_Benedict,0.002,0.0007,0.0074,0.2664,0.0
Rupee,0.0032,0.0005,0.0075,0.2911,0.0001
Russia,0.0259,0.1193,0.0957,0.5078,0.0107
Russian_Revolution_of_1917,0.0044,0.0109,0.0173,0.3835,0.0005
Russian_constitutional_crisis_of_1993,0.0025,0.0005,0.0081,0.3368,0.0
Russian_language,0.016,0.0294,0.0298,0.4292,0.0015
Ruthenium,0.0062,0.003,0.0087,0.3106,0.0
Rutherford_B._Hayes,0.0035,0.0017,0.0079,0.299,0.0
Rutherfordium,0.0047,0.0017,0.0079,0.2706,0.0
Rwanda,0.0306,0.0153,0.0205,0.3828,0.0007
Rwandan_Genocide,0.0116,0.0032,0.0094,0.3391,0.0002
São_Paulo,0.0195,0.0059,0.0114,0.3584,0.0003
São_Tomé,0.0017,0.0005,0.008,0.3331,0.0
São_Tomé_and_Príncipe,0.0052,0.0094,0.0185,0.397,0.0001
Søren_Kierkegaard,0.0077,0.0022,0.0091,0.3479,0.0002
SR-71_Blackbird,0.0049,0.0007,0.0073,0.2753,0.0
Safflower,0.0032,0.0005,0.0074,0.2878,0.0
Saffron,0.0158,0.004,0.0085,0.2926,0.0003
Sahara,0.0116,0.0089,0.0131,0.353,0.0006
Saint-Pierre_and_Miquelon,0.004,0.0044,0.0142,0.3938,0.0
Saint_Helena,0.0059,0.0081,0.0162,0.3888,0.0001
Saint_Joan_(play),0.0012,0.0002,0.0072,0.2306,0.0
Saint_Kitts_and_Nevis,0.003,0.0052,0.0145,0.3982,0.0002
Saint_Lawrence_Seaway,0.002,0.002,0.0083,0.325,0.0
Saint_Lucia,0.0052,0.0091,0.0182,0.4041,0.0002
Saint_Petersburg,0.0215,0.017,0.017,0.3812,0.0015
Saint_Vincent_and_the_Grenadines,0.0042,0.0064,0.0151,0.3995,0.0002
Sakurajima,0.0017,0.0005,0.0074,0.305,0.0
Saladin,0.0044,0.0042,0.0101,0.344,0.0
Salford,0.0027,0.0012,0.0076,0.2906,0.0
Salsa_music,0.0064,0.0025,0.0089,0.3304,0.0001
Salt,0.0072,0.0183,0.0157,0.367,0.0007
"Salt_Lake_City,_Utah",0.0111,0.0037,0.0089,0.3302,0.0002
Saltasaurus,0.0044,0.0002,0.0072,0.2652,0.0
Salvador_Dalí,0.0069,0.002,0.0085,0.3295,0.0001
Samarium,0.0047,0.0022,0.0081,0.268,0.0
Samoa,0.0062,0.0059,0.0122,0.3585,0.0001
Samuel_Beckett,0.0077,0.0035,0.0092,0.3352,0.0001
Samuel_Taylor_Coleridge,0.0054,0.0049,0.0108,0.3663,0.0005
San_Diegan,0.003,0.0007,0.0074,0.2782,0.0
San_Diego_Electric_Railway,0.002,0.0005,0.0072,0.2176,0.0
San_Diego_and_Arizona_Railway,0.002,0.0005,0.0072,0.2176,0.0
"San_Francisco,_California",0.0064,0.0089,0.0151,0.3997,0.0006
"San_Jose,_California",0.0136,0.0037,0.009,0.3352,0.0006
San_Marino,0.0249,0.0074,0.0184,0.3929,0.0003
Sand,0.004,0.0086,0.012,0.362,0.0004
Sand_art_and_play,0.004,0.0007,0.0074,0.2844,0.0
Sandringham_House,0.0012,0.0015,0.0079,0.2945,0.0
Sandy_Koufax,0.0037,0.0002,0.0072,0.2236,0.0003
Sanskrit,0.0079,0.0235,0.0202,0.3881,0.0007
Sanssouci,0.0059,0.0005,0.0073,0.2539,0.0
Santa_Claus,0.0111,0.0017,0.0079,0.3148,0.0001
"Santiago,_Chile",0.004,0.0042,0.0104,0.3548,0.0001
Santorini,0.0074,0.0017,0.0084,0.3334,0.0001
Sarajevo,0.0116,0.0052,0.0123,0.3713,0.0002
Sardar_Vallabhbhai_Patel,0.0059,0.0007,0.0074,0.2721,0.0003
Sassanid_Empire,0.0109,0.0032,0.0099,0.3445,0.0001
Saturn,0.0094,0.0057,0.0097,0.3309,0.0002
Saturn_V,0.0072,0.002,0.0079,0.3016,0.0001
Saudi_Arabia,0.0395,0.0259,0.0317,0.4183,0.0023
Saurischia,0.0037,0.0064,0.0095,0.2965,0.0001
Sauropodomorpha,0.0059,0.0025,0.0079,0.267,0.0
Sauroposeidon,0.0064,0.0007,0.0074,0.2652,0.0
Saxophone,0.0042,0.004,0.0093,0.337,0.0002
Scandium,0.0096,0.0017,0.008,0.2829,0.0
Scattered_disc,0.0012,0.001,0.0076,0.2799,0.0
Scelidosaurus,0.0032,0.0002,0.0072,0.2143,0.0
Scent_of_a_Woman,0.0007,0.0002,0.0072,0.2539,0.0
Scheme_programming_language,0.0002,0.0007,0.0073,0.2531,0.0
Schizophrenia,0.0096,0.0049,0.0094,0.3388,0.0004
Schrödinger_equation,0.0022,0.0035,0.0088,0.3159,0.0001
Science,0.0099,0.0321,0.0266,0.4248,0.0026
Scientific_classification,0.0062,0.1037,0.0437,0.388,0.0036
Scooby-Doo,0.003,0.0007,0.0074,0.2733,0.0001
Scotland,0.0277,0.076,0.0512,0.4676,0.0091
Scotland_in_the_High_Middle_Ages,0.0128,0.0012,0.0082,0.3331,0.0004
Scots_language,0.0079,0.0059,0.0137,0.3901,0.0009
Scottish_Episcopal_Church,0.003,0.0027,0.0089,0.3282,0.0
Scottish_Gaelic_language,0.0052,0.0054,0.0117,0.3702,0.0001
Scottish_Highlands,0.0044,0.0047,0.0109,0.3655,0.0002
Scottish_mythology,0.0017,0.0007,0.0074,0.2801,0.0
Scouting,0.0133,0.0035,0.0083,0.3011,0.0002
Scramble_for_Africa,0.0331,0.0047,0.0119,0.3701,0.0006
Screw,0.0047,0.0012,0.0078,0.3179,0.0002
Scrooge_McDuck,0.0057,0.001,0.0074,0.2637,0.0001
Sculpture,0.0072,0.0114,0.0136,0.3687,0.0007
Scurvy,0.0049,0.004,0.0099,0.3636,0.0004
Sea,0.0059,0.0089,0.0138,0.3775,0.0004
Sea_level_rise,0.0059,0.003,0.0084,0.3129,0.0001
Sea_of_Galilee,0.0059,0.0022,0.0087,0.3409,0.0001
Seaborgium,0.0035,0.0015,0.0078,0.2726,0.0
Sean_Connery,0.0054,0.0022,0.008,0.3073,0.0001
Season,0.0074,0.0064,0.0117,0.3771,0.0006
"Seattle,_Washington",0.0133,0.0086,0.0126,0.3829,0.0008
Seawater,0.0062,0.0037,0.0091,0.3381,0.0002
Second_Boer_War,0.0069,0.0074,0.0123,0.3687,0.0006
Second_Congo_War,0.0131,0.0027,0.01,0.3493,0.0001
Second_Crusade,0.0064,0.0022,0.0083,0.3166,0.0001
Seed,0.0072,0.0163,0.0137,0.3442,0.0008
Seinfeld,0.0015,0.0025,0.0083,0.3219,0.0
Selena,0.0025,0.0002,0.0072,0.1921,0.0
Selenium,0.0077,0.0054,0.0101,0.3456,0.0002
Semiconductor,0.0044,0.0094,0.0126,0.3624,0.0003
Semiconductor_device,0.0052,0.001,0.0076,0.3055,0.0
Senate_of_Canada,0.0032,0.0005,0.0075,0.2973,0.0
Senegal,0.0057,0.019,0.0266,0.4185,0.0001
Senufo_languages,0.001,0.0025,0.0094,0.3239,0.0
Seoul,0.0148,0.0072,0.0128,0.3767,0.0002
Separation_of_powers_under_the_United_States_Constitution,0.0062,0.0002,0.0072,0.2721,0.0
"September_11,_2001_attacks",0.0119,0.0163,0.0183,0.3999,0.0012
Sequence_alignment,0.0027,0.001,0.0076,0.2993,0.0003
Sequoia,0.0049,0.0012,0.0098,0.3786,0.0002
Serbia,0.0319,0.0202,0.0287,0.4177,0.0008
Serbia_and_Montenegro,0.0027,0.0015,0.0081,0.305,0.0
Serenity_(film),0.0062,0.001,0.0074,0.2552,0.0003
Sermon_on_the_Mount,0.0027,0.0017,0.0085,0.3353,0.0001
Sesame,0.004,0.004,0.0087,0.3074,0.0001
Sesame_Street,0.0069,0.0007,0.0073,0.2489,0.0
Set,0.001,0.003,0.0085,0.3169,0.0001
Severn_crossing,0.001,0.0002,0.0072,0.2605,0.0
Seychelles,0.0074,0.0126,0.0192,0.373,0.0002
Sgt._Pepper's_Lonely_Hearts_Club_Band,0.0059,0.002,0.0079,0.2841,0.0
Shackleton_(crater),0.003,0.0002,0.0073,0.2966,0.0
Shaka,0.0007,0.0005,0.0077,0.3233,0.0
Shanghai,0.0198,0.0119,0.015,0.3781,0.0006
Shark,0.0091,0.0086,0.0103,0.3271,0.0025
Sheffield,0.0096,0.0047,0.0102,0.3547,0.0002
Sheikh_Mujibur_Rahman,0.0049,0.0005,0.0074,0.2939,0.0
Shelduck,0.0022,0.0005,0.0073,0.2427,0.0
Shenzhou_6,0.0084,0.0007,0.0079,0.3274,0.0005
Shenzhou_spacecraft,0.0015,0.0002,0.0072,0.2467,0.0
Shetland,0.0054,0.0035,0.0094,0.3366,0.0003
Shielded_metal_arc_welding,0.0049,0.0007,0.0073,0.2504,0.0
Shining_Path,0.0042,0.0015,0.0084,0.3328,0.0
Shinto,0.0054,0.0037,0.0107,0.3683,0.0002
Ship,0.0044,0.0081,0.0129,0.3762,0.0003
Shoe_polish,0.0059,0.0002,0.0072,0.2813,0.0
Short-beaked_Echidna,0.003,0.0002,0.0072,0.1837,0.0
Shoshone_National_Forest,0.0101,0.0002,0.0072,0.2368,0.0
Shrine_of_Remembrance,0.0054,0.0002,0.0072,0.2662,0.0
Shroud_of_Turin,0.0059,0.0007,0.0079,0.3169,0.0001
Sichuan_Pepper,0.0035,0.0027,0.008,0.2642,0.0
Sickle-cell_disease,0.0037,0.001,0.0074,0.2577,0.0
Siege,0.0141,0.0074,0.0108,0.3409,0.0004
Siege_of_Antioch,0.004,0.0002,0.0072,0.2805,0.0
Sierra_Leone,0.0096,0.0151,0.0232,0.4187,0.0006
Sigmund_Freud,0.0094,0.0074,0.0115,0.3588,0.0006
Sikhism,0.0062,0.0069,0.0196,0.4321,0.0003
Sikkim,0.0128,0.004,0.0108,0.3568,0.0015
Silent_film,0.0022,0.002,0.0079,0.3015,0.0003
Silicon,0.0106,0.0143,0.0147,0.3585,0.0006
Silurian,0.0042,0.0042,0.0093,0.3329,0.0001
Silver,0.0136,0.0247,0.0207,0.3936,0.0024
Simón_Bolívar,0.0057,0.003,0.0097,0.3389,0.0
SimCity,0.0086,0.0005,0.0073,0.2618,0.0
Sinclair_Research_Ltd,0.0044,0.001,0.0074,0.2656,0.0
Singapore,0.0153,0.0264,0.0303,0.4383,0.0011
Sirius,0.0047,0.0017,0.0078,0.2691,0.0
Sistine_Chapel_ceiling,0.0049,0.0002,0.0072,0.2602,0.0
Sitting_Bull,0.002,0.0007,0.0077,0.3218,0.0001
Skåneland,0.0015,0.0005,0.0077,0.3219,0.0
Ska,0.0057,0.003,0.0084,0.3156,0.0004
Skiing,0.0057,0.0054,0.0118,0.3679,0.0002
Skylark,0.0042,0.0005,0.0073,0.2493,0.0
Slavery,0.0252,0.0274,0.0243,0.407,0.0025
Slavic_mythology,0.0022,0.0007,0.0074,0.2672,0.0
Sleep,0.0027,0.0022,0.0081,0.3146,0.0001
Slovakia,0.0084,0.0198,0.0295,0.4276,0.0003
Slovenia,0.0343,0.018,0.0279,0.4138,0.0026
Smallpox,0.0114,0.0079,0.0128,0.3748,0.0012
Smog,0.0054,0.004,0.009,0.3355,0.0001
Snow,0.0062,0.0136,0.0158,0.3951,0.0008
Snow_Goose,0.0032,0.0007,0.0073,0.2779,0.0
Snowball_Earth,0.0057,0.002,0.0083,0.3331,0.0
Snowdonia,0.0012,0.0007,0.0078,0.3186,0.0
Snowdonia_National_Park,0.0012,0.0005,0.0072,0.2544,0.0
Snowy_Owl,0.0044,0.0005,0.0074,0.2759,0.0001
Social_anxiety,0.0015,0.0005,0.0073,0.2632,0.0
Social_capital,0.0022,0.001,0.0075,0.2725,0.0
Social_contract_(Malaysia),0.002,0.0005,0.0072,0.2387,0.0
Socialism,0.0101,0.023,0.0258,0.4185,0.0008
Society,0.0049,0.0133,0.0158,0.38,0.0003
Society_of_Merchant_Venturers,0.004,0.0005,0.0073,0.2545,0.0
Sociocultural_evolution,0.0163,0.0002,0.0072,0.2672,0.0
Sociology,0.0081,0.0111,0.0136,0.3677,0.0005
Socrates,0.0042,0.0049,0.0102,0.3493,0.0001
Soddo_language,0.001,0.0002,0.0074,0.2903,0.0
Sodium,0.0094,0.0156,0.0147,0.3556,0.0006
Sodium_hydroxide,0.0069,0.0052,0.0094,0.3187,0.0002
Sodium_sulfate,0.0037,0.0005,0.0073,0.2527,0.0
Soil,0.0094,0.0165,0.016,0.3803,0.0015
Soil_moisture,0.002,0.0002,0.0072,0.2425,0.0
Soil_pH,0.0054,0.0002,0.0072,0.1889,0.0
Soil_profile,0.0002,0.0002,0.0072,0.2755,0.0
Soil_salination,0.0012,0.0015,0.0081,0.3278,0.0
Soil_science,0.0035,0.0012,0.0077,0.3017,0.0
Soil_structure,0.0002,0.0005,0.0074,0.2833,0.0
Soils_retrogression_and_degradation,0.0027,0.001,0.008,0.3298,0.0001
Solar_System,0.0143,0.0237,0.0186,0.3771,0.003
Solar_eclipse,0.0054,0.0057,0.0102,0.3485,0.0003
Solomon_Islands,0.0069,0.0074,0.015,0.3876,0.0002
Somalia,0.0338,0.0195,0.0248,0.4029,0.001
Song_Thrush,0.0022,0.0005,0.0072,0.2164,0.0
Sonic_the_Hedgehog_(character),0.0062,0.0005,0.0073,0.2691,0.0001
Sony,0.0052,0.0044,0.0097,0.3509,0.0002
Sorghum,0.0077,0.0042,0.0108,0.3566,0.0002
Sorrel,0.0099,0.0027,0.008,0.2653,0.0
Soukous,0.0054,0.0002,0.0079,0.3297,0.0
Sound,0.0012,0.0079,0.0112,0.358,0.0001
Soup,0.0141,0.0044,0.0088,0.3188,0.0004
South_Africa,0.0249,0.0716,0.0525,0.4674,0.0075
South_America,0.0244,0.056,0.0431,0.4571,0.0064
South_China_Sea,0.0054,0.004,0.0108,0.3485,0.0
South_Georgia_and_the_South_Sandwich_Islands,0.0052,0.0027,0.0106,0.3632,0.0001
South_Korea,0.0096,0.0301,0.0342,0.4436,0.0006
South_Ossetia,0.0042,0.002,0.0086,0.3268,0.0
Southampton,0.0121,0.0049,0.0098,0.3427,0.0003
Southern_Africa,0.0141,0.0084,0.0143,0.3835,0.0007
Southern_Ocean,0.0035,0.0057,0.0115,0.3667,0.0001
Southern_United_States,0.0183,0.0069,0.0129,0.3855,0.001
Soviet_Union,0.016,0.076,0.0647,0.476,0.0039
Soybean,0.0119,0.0035,0.0096,0.3484,0.0005
Space_Invaders,0.0022,0.0007,0.0073,0.2426,0.0
Space_Race,0.0106,0.0025,0.0082,0.3161,0.0002
Space_Shuttle_Challenger,0.0012,0.0017,0.0077,0.288,0.0
Space_Shuttle_Challenger_disaster,0.003,0.003,0.0082,0.2946,0.0001
Space_Shuttle_Columbia,0.0057,0.0027,0.0102,0.3782,0.0013
Space_Shuttle_Columbia_disaster,0.0042,0.002,0.0079,0.3083,0.0002
Space_Shuttle_Endeavour,0.004,0.0015,0.0077,0.2951,0.0
Space_Shuttle_program,0.004,0.0017,0.0078,0.2939,0.0
Space_exploration,0.0084,0.003,0.0094,0.3549,0.0007
Space_station,0.0025,0.0025,0.0081,0.3109,0.0001
Space_suit,0.0025,0.0002,0.0072,0.2467,0.0
Spacecraft_propulsion,0.002,0.0005,0.0073,0.2799,0.0
Spain,0.022,0.1232,0.0995,0.5067,0.007
Spanish_Armada,0.0059,0.0059,0.011,0.3538,0.0001
Spanish_Inquisition,0.0086,0.0047,0.012,0.3688,0.0003
Spanish_conquest_of_the_Inca_Empire,0.0049,0.0007,0.0078,0.3208,0.0
Spanish_language,0.0195,0.0454,0.0469,0.4714,0.0025
Sparrow,0.004,0.001,0.0074,0.2337,0.0001
Sparrowhawk,0.0027,0.0005,0.0073,0.2679,0.0
Speaker_of_the_British_House_of_Commons,0.0037,0.0025,0.0084,0.3017,0.0
Speaker_of_the_United_States_House_of_Representatives,0.0027,0.0027,0.0083,0.301,0.0
Special_relativity,0.0035,0.0077,0.0109,0.3415,0.0001
Speech_synthesis,0.003,0.0007,0.0074,0.288,0.0
Speed_of_light,0.0106,0.0089,0.0118,0.3493,0.0011
Sperm_Whale,0.0057,0.0007,0.0074,0.2684,0.0
Sphere,0.0025,0.0077,0.0105,0.3403,0.0002
Spherical_aberration,0.0007,0.001,0.0075,0.263,0.0
Spider,0.0064,0.0042,0.0094,0.3425,0.0006
Spinosaurus,0.0052,0.0012,0.0076,0.2669,0.0
Split_infinitive,0.0027,0.0002,0.0079,0.3413,0.0
Sport,0.0037,0.0151,0.0198,0.422,0.0003
Spring_(season),0.0042,0.0099,0.0117,0.3538,0.0006
Spring_Heeled_Jack,0.0047,0.0002,0.0072,0.231,0.0
Sputnik_1,0.0044,0.0027,0.0094,0.3464,0.0007
Sputnik_2,0.002,0.0017,0.0077,0.2726,0.0
Sputnik_program,0.0032,0.0005,0.0073,0.2573,0.0
Spyware,0.0044,0.0015,0.0076,0.2615,0.0001
Squash_(sport),0.0022,0.0022,0.0083,0.3213,0.0003
Sri_Lanka,0.0148,0.0262,0.0264,0.407,0.002
Sri_Lankan_Civil_War,0.0042,0.0007,0.0076,0.3007,0.0
St_Paul's_Cathedral,0.0069,0.0047,0.0099,0.3415,0.0003
Stag_beetle,0.0035,0.0002,0.0072,0.2442,0.0
Stage_(theatre),0.0027,0.0007,0.0074,0.2725,0.0003
Stained_glass,0.0035,0.003,0.0083,0.3131,0.0001
Stanisław_Koniecpolski,0.0037,0.0005,0.0073,0.2644,0.0
"Stanley,_Falkland_Islands",0.0027,0.0007,0.0077,0.3214,0.0
Stanley_Baldwin,0.0035,0.0022,0.0082,0.3068,0.0
Star,0.0168,0.023,0.017,0.3556,0.0032
Star_Trek,0.004,0.0057,0.0094,0.3339,0.0007
Star_Trek__Deep_Space_Nine,0.0035,0.0017,0.0077,0.2837,0.0003
Star_Trek__The_Original_Series,0.0017,0.0007,0.0073,0.2575,0.0
Star_Wars,0.0081,0.0067,0.0095,0.325,0.0019
Star_Wars_Episode_IV__A_New_Hope,0.0057,0.0027,0.008,0.2851,0.0008
Star_anise,0.0022,0.0032,0.0081,0.2632,0.0
Stargate_SG-1,0.0123,0.0027,0.0081,0.3106,0.0002
Starling,0.0035,0.0002,0.0072,0.1937,0.0
Starship_Troopers,0.0064,0.0002,0.0072,0.2034,0.0
Statistics,0.0054,0.0109,0.0135,0.3732,0.0004
Statue_of_Zeus_at_Olympia,0.002,0.0005,0.0075,0.311,0.0
Steam_engine,0.0052,0.0062,0.011,0.3597,0.0002
Steel,0.0126,0.0274,0.0289,0.4409,0.0027
Stefan_Edberg,0.0069,0.0022,0.0085,0.332,0.0002
Stegosaurus,0.0074,0.0022,0.0079,0.2727,0.0004
Stem_cell,0.0017,0.0012,0.0077,0.31,0.0
Stephen_Harper,0.004,0.0022,0.0089,0.3439,0.0
Stephen_Hawking,0.0086,0.0032,0.0093,0.3504,0.0005
Stephen_Jay_Gould,0.0064,0.0037,0.0088,0.325,0.0003
Stephen_of_England,0.0032,0.0017,0.0078,0.2836,0.0002
Still_Game,0.0037,0.0002,0.0073,0.2843,0.0
Stingray,0.0044,0.0012,0.0075,0.2885,0.0003
Stock,0.0032,0.0027,0.0092,0.3365,0.0001
Stock_car_(rail),0.0064,0.0005,0.0072,0.2061,0.0005
Stockholm,0.0049,0.0096,0.0147,0.3858,0.0003
Stoicism,0.004,0.0027,0.0085,0.3254,0.0001
Stone_Age,0.0099,0.0054,0.0121,0.3692,0.0007
Stonehenge,0.0067,0.003,0.0097,0.3606,0.0001
Stornoway,0.003,0.0002,0.0072,0.229,0.0
Strait_of_Malacca,0.0049,0.001,0.0083,0.3288,0.0
Stratford-upon-Avon,0.0012,0.0017,0.008,0.3069,0.0
String_theory,0.0062,0.003,0.009,0.3385,0.0001
Stroke,0.0027,0.0116,0.0119,0.3532,0.0004
Strontium,0.0096,0.0042,0.009,0.2988,0.0002
Stuttering,0.0072,0.001,0.0074,0.2575,0.0001
Stuttgart,0.0057,0.0052,0.0109,0.3603,0.0001
Styracosaurus,0.0027,0.0007,0.0073,0.2142,0.0
Sub-Saharan_Africa,0.0183,0.0116,0.0169,0.3944,0.0006
Sucre,0.002,0.0007,0.0078,0.3189,0.0
Sudan,0.0326,0.0281,0.0318,0.4288,0.0018
Sudoku,0.0022,0.0005,0.0073,0.2792,0.0
Suez_Canal,0.0062,0.0099,0.0205,0.4121,0.0004
Suffrage,0.0042,0.0072,0.0118,0.3601,0.0001
Sugar,0.0131,0.0193,0.0197,0.3934,0.0012
Sugar_beet,0.0072,0.002,0.0084,0.3317,0.0001
Sugarcane,0.0089,0.0059,0.0107,0.3513,0.0002
Suleiman_the_Magnificent,0.0101,0.0015,0.0083,0.3228,0.0
Sulfur,0.0205,0.0165,0.0171,0.3761,0.0019
Sulfuric_acid,0.0109,0.0109,0.0126,0.3549,0.0006
Sultan,0.0069,0.0064,0.0121,0.3547,0.0005
Sumac,0.0025,0.0035,0.0084,0.3062,0.0001
Sumatra,0.0044,0.0084,0.0122,0.3565,0.0002
Sumer,0.0131,0.0089,0.0133,0.3737,0.0008
Summer,0.004,0.0114,0.0133,0.3659,0.0002
Sumo,0.0032,0.0007,0.0082,0.3413,0.0
Sun,0.0183,0.0427,0.0274,0.4115,0.0057
Sun_Tzu,0.0017,0.001,0.0079,0.3188,0.0
Sun_Yat-sen,0.0094,0.002,0.0088,0.3405,0.0001
Sundew,0.0104,0.001,0.0076,0.3036,0.0008
Sunflower,0.0079,0.0035,0.0086,0.3222,0.0002
Sunlight,0.0047,0.0062,0.0113,0.3719,0.0003
Sunset_Boulevard_(1950_film),0.004,0.0002,0.0072,0.2317,0.0
Super_14,0.0027,0.0022,0.0081,0.3049,0.0
Super_Bowl_XL,0.0086,0.001,0.0075,0.2934,0.0004
Super_Chief,0.0042,0.0005,0.0073,0.2844,0.0
Super_Mario_64,0.002,0.0007,0.0073,0.2584,0.0
Super_Mario_Bros.,0.0027,0.0015,0.0076,0.2599,0.0
Superconductivity,0.0072,0.0037,0.0089,0.3151,0.0002
Superman,0.0081,0.0044,0.0087,0.3082,0.0006
Supermarine_Spitfire,0.0094,0.0027,0.0092,0.3476,0.0001
Supply_and_demand,0.003,0.0049,0.0097,0.3443,0.0003
Supply_chain_management,0.0005,0.0007,0.0073,0.2473,0.0
Supreme_Court_of_the_United_States,0.0064,0.0153,0.0157,0.3856,0.0005
Suriname,0.0099,0.0074,0.0171,0.4081,0.0002
Surtsey,0.0052,0.0005,0.0075,0.3097,0.0004
Sutton_Hoo,0.0035,0.001,0.0084,0.3453,0.0002
Svalbard,0.0062,0.003,0.0103,0.3633,0.0007
Svartálfar,0.0007,0.0002,0.0072,0.2545,0.0
Swallow,0.0015,0.0002,0.0072,0.1779,0.0
Swan,0.0064,0.0025,0.0082,0.3126,0.0002
Swastika,0.0267,0.0032,0.0092,0.3382,0.0007
Swaziland,0.0064,0.0119,0.0184,0.3822,0.0002
Sweden,0.0237,0.0672,0.0562,0.4805,0.0063
Swift,0.003,0.0012,0.0077,0.2793,0.0
Swiss_Federal_Council,0.0042,0.0002,0.0076,0.3117,0.0
Switzerland,0.0111,0.0563,0.0477,0.4529,0.0021
Sydney,0.0091,0.0153,0.016,0.3864,0.001
Sydney_Newman,0.0037,0.0005,0.0073,0.2509,0.0
Symmetry,0.0126,0.0054,0.0094,0.3339,0.0009
Synthesizer,0.002,0.0035,0.0083,0.3019,0.0001
Syria,0.0163,0.0346,0.0366,0.43,0.0016
T-34,0.0136,0.0005,0.0073,0.2681,0.0
T._S._Eliot,0.0089,0.0059,0.0107,0.3637,0.0004
TGV,0.0094,0.0027,0.0094,0.3453,0.0013
Taipei,0.016,0.0044,0.0106,0.3563,0.0003
Taiwan,0.0084,0.0207,0.0252,0.4171,0.0006
Taj_Mahal,0.0119,0.003,0.01,0.355,0.0004
Tajikistan,0.0072,0.0126,0.0192,0.3798,0.0001
Talc,0.0057,0.0012,0.0077,0.2881,0.0
Tamarind,0.0052,0.0025,0.0079,0.2623,0.0
Tamil_language,0.0091,0.0099,0.0153,0.3909,0.0005
Tamil_people,0.0168,0.0042,0.0098,0.335,0.0002
Tank,0.0054,0.0059,0.0116,0.3634,0.0003
Tansy,0.0025,0.0002,0.0072,0.2688,0.0
Tantalum,0.0111,0.0025,0.0086,0.3231,0.0002
Tanzania,0.0301,0.0215,0.025,0.4195,0.0015
Tao_Te_Ching,0.002,0.0015,0.0082,0.3288,0.0
Taoism,0.0057,0.0084,0.015,0.3815,0.0004
Tarragon,0.0025,0.0032,0.0081,0.2626,0.0
Tashkent,0.0079,0.0027,0.0091,0.3385,0.0001
Tasmanian_Devil,0.003,0.0007,0.0073,0.2574,0.0
Tawny_Owl,0.003,0.0005,0.0073,0.2685,0.0
Tay-Sachs_disease,0.0027,0.0005,0.0073,0.2871,0.0
Tay_Rail_Bridge,0.0022,0.001,0.0075,0.2842,0.0001
TeX,0.0049,0.0012,0.0075,0.2471,0.0002
Tea,0.0178,0.0116,0.0149,0.3703,0.001
Technetium,0.0141,0.0032,0.0087,0.2881,0.0001
Technology,0.0094,0.0151,0.0191,0.4137,0.0009
Tehran,0.0094,0.0054,0.0118,0.3609,0.0002
Tel_Aviv,0.0064,0.0047,0.0102,0.345,0.0001
Telecommunication,0.0077,0.0044,0.0114,0.3654,0.0003
Telephone,0.0035,0.0101,0.0128,0.3693,0.0003
Telephone_exchange,0.0007,0.0005,0.0077,0.3241,0.0
Telescope,0.0057,0.0148,0.0138,0.3551,0.001
Television,0.0052,0.0363,0.0268,0.4344,0.0011
Tellurium,0.0089,0.0032,0.0092,0.3363,0.0001
Temperate,0.0032,0.0158,0.0197,0.4172,0.0003
Temple_of_Artemis,0.0025,0.0002,0.0076,0.3211,0.0
Tennis,0.0099,0.018,0.0246,0.4357,0.0037
Tennis_Masters_Cup,0.0047,0.002,0.0078,0.2848,0.0
"Tenzin_Gyatso,_14th_Dalai_Lama",0.0101,0.0017,0.0079,0.299,0.0001
Tenzing_Norgay,0.002,0.001,0.0075,0.2809,0.0
Terbium,0.0044,0.0017,0.0079,0.2633,0.0
Tern,0.0032,0.002,0.0078,0.2722,0.0001
Terrorism,0.0072,0.0116,0.0174,0.4074,0.0004
Textile,0.0012,0.0119,0.0161,0.3909,0.0001
Thailand,0.0081,0.0333,0.0353,0.4412,0.0014
Thalassemia,0.0044,0.001,0.0074,0.2601,0.0
Thallium,0.0119,0.0032,0.0086,0.2942,0.0001
The_Absent-Minded_Beggar,0.0007,0.0002,0.0072,0.2302,0.0
The_Adventures_of_Tintin,0.0128,0.0015,0.0088,0.3499,0.0004
The_Anarchy,0.0025,0.002,0.008,0.3031,0.0004
The_Ashes,0.0035,0.0012,0.008,0.3168,0.0001
The_Bahamas,0.0067,0.0136,0.0182,0.4056,0.0014
The_Beano,0.0017,0.001,0.0074,0.2513,0.0
The_Beatles,0.0148,0.0138,0.0145,0.3794,0.0022
The_Beatles_discography,0.0032,0.0002,0.0072,0.275,0.0
The_Blitz,0.0074,0.003,0.0101,0.3619,0.0002
The_Broads,0.0025,0.0005,0.0073,0.2613,0.0004
The_Brothers_Karamazov,0.0059,0.0015,0.0076,0.2819,0.0
The_Canadian,0.0022,0.0005,0.0073,0.2671,0.0
The_Cantos,0.0212,0.0005,0.0073,0.2377,0.0003
The_Cat_in_the_Hat,0.0005,0.0005,0.008,0.3414,0.0001
"The_Championships,_Wimbledon",0.0042,0.0047,0.0109,0.3673,0.0007
The_Count_of_Monte_Cristo,0.0049,0.0005,0.0073,0.2795,0.0
The_Country_Wife,0.0022,0.0005,0.0072,0.1851,0.0
The_Curious_Incident_of_the_Dog_in_the_Night-time,0.0035,0.0002,0.0072,0.2339,0.0
The_Dandy,0.0022,0.0007,0.0073,0.2511,0.0
The_Fairy-Queen,0.0022,0.0005,0.0073,0.2741,0.0
The_Fens,0.0044,0.0007,0.0084,0.3481,0.0001
The_Gambia,0.0084,0.0091,0.0188,0.4051,0.0002
The_Godfather,0.0054,0.0017,0.0076,0.2751,0.0002
The_Great_Exhibition,0.003,0.001,0.0074,0.2699,0.0
The_Hague,0.0059,0.0096,0.0141,0.3679,0.0002
The_Hitchhiker's_Guide_to_the_Galaxy,0.0064,0.0015,0.0077,0.3024,0.0001
The_Hobbit,0.0064,0.0015,0.0076,0.2908,0.0005
The_Holocaust,0.019,0.0148,0.0212,0.4008,0.0014
The_Illuminatus!_Trilogy,0.0062,0.0002,0.0073,0.2909,0.0001
The_Iron_Bridge,0.0015,0.0002,0.0072,0.2706,0.0
The_Last_Supper_(Leonardo),0.0054,0.001,0.0076,0.2977,0.0
The_Legend_of_Zelda_series,0.003,0.0005,0.0073,0.2597,0.0003
"The_Lion,_the_Witch_and_the_Wardrobe",0.004,0.0005,0.0073,0.284,0.0
The_Lion_King,0.0054,0.0017,0.0077,0.2743,0.0005
The_Lorax,0.0017,0.0002,0.0072,0.2214,0.0
The_Lord_of_the_Rings,0.0081,0.0042,0.0086,0.3064,0.0004
The_Lord_of_the_Rings_film_trilogy,0.0035,0.0027,0.0084,0.3251,0.0004
The_Magic_Flute,0.0022,0.0007,0.0074,0.2696,0.0
The_Marriage_of_Figaro,0.001,0.0012,0.0077,0.2962,0.0
The_Merchant_of_Venice,0.0049,0.0007,0.0073,0.2336,0.0
The_Mismeasure_of_Man,0.0035,0.0007,0.0074,0.2797,0.0
The_Old_Man_and_the_Sea,0.004,0.0005,0.0074,0.3016,0.0
The_Origin_of_Species,0.0049,0.0037,0.0092,0.3417,0.0002
The_Picture_of_Dorian_Gray,0.0042,0.0002,0.0072,0.2549,0.0
The_Pilgrim's_Progress,0.0037,0.0005,0.0072,0.2391,0.0003
The_Quatermass_Experiment,0.0035,0.0005,0.0072,0.2149,0.0002
The_Relapse,0.0025,0.001,0.0074,0.2257,0.0001
The_Rime_of_the_Ancient_Mariner,0.0059,0.0007,0.0074,0.2824,0.0002
The_Rite_of_Spring,0.0042,0.0007,0.0074,0.2886,0.0001
The_Rolling_Stones,0.0079,0.0054,0.0119,0.3788,0.0008
The_Seagull,0.0012,0.0002,0.0072,0.2248,0.0
The_Shawshank_Redemption,0.0017,0.0005,0.0073,0.2762,0.0
The_Simpsons,0.0081,0.0114,0.0112,0.3395,0.0009
The_Smiths,0.003,0.002,0.0081,0.3033,0.0001
The_Supremes,0.0035,0.001,0.0074,0.2587,0.0003
The_Temptations,0.0052,0.0005,0.0073,0.279,0.0001
The_Wall_Street_Journal,0.0027,0.0047,0.0123,0.3674,0.0
The_Waste_Land,0.0037,0.0022,0.008,0.2968,0.0
The_West_Wing_(TV_series),0.0133,0.0017,0.0078,0.2967,0.0001
The_X-Files,0.0035,0.002,0.0078,0.2828,0.0002
Theatre,0.0042,0.0131,0.0138,0.3736,0.0012
"Theatre_Royal,_Drury_Lane",0.004,0.0022,0.0078,0.2593,0.0002
Theatre_in_the_round,0.003,0.0002,0.0072,0.2141,0.0
Theodore_Roosevelt,0.0148,0.0106,0.0124,0.3453,0.0011
Thermodynamic_temperature,0.0069,0.0005,0.0073,0.2516,0.0
Thermodynamics,0.0047,0.0057,0.0099,0.3381,0.0002
Theropoda,0.0062,0.0044,0.0088,0.2904,0.0004
Thiamine,0.0047,0.0027,0.0083,0.3149,0.0001
Third_Servile_War,0.0015,0.0002,0.0072,0.2718,0.0
Thomas_Aquinas,0.0057,0.0062,0.0117,0.3662,0.0002
Thomas_Becket,0.003,0.003,0.0084,0.3112,0.0
Thomas_Cranmer,0.0054,0.0027,0.0085,0.3051,0.0
Thomas_Edison,0.0052,0.004,0.0086,0.3175,0.0002
Thomas_Gainsborough,0.0027,0.0022,0.0081,0.3172,0.0001
Thomas_Hobbes,0.0064,0.0069,0.0116,0.3645,0.0004
Thomas_Jefferson,0.0084,0.0138,0.0171,0.4048,0.0016
Thomas_Malthus,0.0069,0.0027,0.0084,0.3268,0.0001
Thomas_More,0.0086,0.004,0.0097,0.3494,0.0002
Thomas_Pynchon,0.0111,0.0017,0.0077,0.272,0.0001
Thomas_Samuel_Kuhn,0.0017,0.0005,0.0074,0.2993,0.0
Thor,0.0035,0.0025,0.0084,0.3311,0.0001
Thorax,0.001,0.0025,0.008,0.2874,0.0
Thorium,0.0077,0.0067,0.0104,0.3397,0.0003
Thrasybulus,0.0017,0.0005,0.0072,0.2368,0.0
Three_Gorges_Dam,0.0037,0.001,0.0078,0.3198,0.0
Three_Laws_of_Robotics,0.0035,0.0002,0.0072,0.2275,0.0
Thrush_(bird),0.0012,0.0022,0.0078,0.2403,0.0002
Thucydides,0.0017,0.0042,0.0097,0.3454,0.0
Thulium,0.0047,0.0015,0.0078,0.2633,0.0
Thunderstorm,0.0017,0.0047,0.0093,0.3367,0.0
Tiananmen_Square_protests_of_1989,0.0067,0.0015,0.009,0.3474,0.0
Tibet,0.0072,0.0153,0.0172,0.3805,0.0004
Tide,0.0035,0.0091,0.0126,0.3761,0.0004
Tiger,0.0123,0.0037,0.0088,0.3269,0.0006
Tiger_Woods,0.0037,0.0007,0.0074,0.2719,0.0001
Tiger_shark,0.0047,0.0015,0.0076,0.2558,0.0
Tigris,0.0035,0.0057,0.0115,0.3573,0.0
Tijuana,0.0035,0.0015,0.0083,0.3319,0.0
Tiktaalik,0.003,0.0002,0.0073,0.2863,0.0
Tim_Berners-Lee,0.0025,0.002,0.0089,0.3505,0.0001
Tim_Henman,0.0084,0.001,0.0075,0.282,0.0
Timbuktu,0.0072,0.0017,0.0086,0.3334,0.0001
Time,0.0104,0.0106,0.0146,0.3785,0.0009
Time_zone,0.0096,0.0852,0.0925,0.484,0.0031
Timken_1111,0.0007,0.0002,0.0072,0.146,0.0
Timur,0.0106,0.0047,0.0104,0.3432,0.0002
Tin,0.0101,0.0123,0.0149,0.3694,0.0011
Tin(II)_chloride,0.0044,0.0002,0.0072,0.2698,0.0
Tin_whistle,0.0042,0.0012,0.0076,0.2938,0.0001
Titanium,0.0183,0.0109,0.0119,0.3443,0.0009
To_Kill_a_Mockingbird,0.0015,0.0002,0.0072,0.205,0.0
Tobacco,0.0119,0.0141,0.0161,0.3789,0.001
Tobacco_smoking,0.0099,0.0062,0.0108,0.3616,0.0009
Tofu,0.0089,0.001,0.0075,0.2716,0.0
Togo,0.0067,0.0128,0.0223,0.4084,0.0001
Tokelau,0.0057,0.0022,0.009,0.3408,0.0
Tokyo,0.0101,0.0168,0.0204,0.4159,0.0006
Toluene,0.0022,0.0012,0.0075,0.2663,0.0
Tom_and_Jerry_(MGM),0.0047,0.0005,0.0073,0.2669,0.0
Tonga,0.0084,0.0064,0.0119,0.3545,0.0003
Tony_Blair,0.0215,0.0104,0.0151,0.3815,0.0016
Tooth_development,0.0044,0.0005,0.0073,0.2667,0.0
Tooth_enamel,0.0027,0.0007,0.0074,0.2716,0.0
Top_of_the_Pops,0.0044,0.0012,0.0075,0.2752,0.0001
Topology,0.0027,0.0037,0.0089,0.3288,0.0001
Tornado,0.0086,0.0084,0.0116,0.3596,0.0004
Toronto,0.0114,0.0175,0.0172,0.3824,0.0006
Tottenham_Hotspur_F.C.,0.0032,0.002,0.0085,0.3345,0.0
Tour_de_France,0.0049,0.003,0.0096,0.347,0.0009
Tourette_syndrome,0.0032,0.0007,0.0074,0.2689,0.0
Tourism,0.0156,0.0341,0.0332,0.4362,0.0033
Tower_Bridge,0.0025,0.0017,0.0086,0.3376,0.0
Tower_of_London,0.0111,0.0089,0.0122,0.3599,0.0012
Toy,0.0091,0.0027,0.0088,0.3444,0.0006
Toy_Story,0.002,0.0002,0.0072,0.2153,0.0
Trade_union,0.003,0.0131,0.0169,0.3858,0.0002
Trafalgar_Square,0.0091,0.0035,0.0106,0.3687,0.0005
Train,0.0116,0.0077,0.0111,0.3503,0.0021
Trans-Siberian_Railway,0.0047,0.0002,0.0074,0.3034,0.0
Transit_of_Venus,0.0081,0.0017,0.0078,0.3054,0.0001
Transport,0.0074,0.0151,0.0179,0.4004,0.0009
Trapdoor_spider,0.0015,0.0002,0.0072,0.2552,0.0
Treasure_Island,0.0042,0.001,0.0074,0.2746,0.0
Treaty_of_Versailles,0.004,0.0096,0.0179,0.4069,0.0001
Tree,0.0101,0.0143,0.0139,0.3732,0.0015
Tree_Sparrow,0.0042,0.0007,0.0073,0.2178,0.0
Tree_frog,0.0022,0.0007,0.0073,0.2483,0.0
Trench_warfare,0.0123,0.004,0.0099,0.3513,0.0003
Triassic,0.0042,0.0089,0.0117,0.3564,0.0008
Triathlon,0.0015,0.002,0.0086,0.3337,0.0
Tribe,0.0017,0.0081,0.0127,0.3676,0.0001
Triceratops,0.0049,0.0022,0.0079,0.2768,0.0
Trichinosis,0.0007,0.0012,0.0076,0.2969,0.0
Trigonometric_function,0.0037,0.0017,0.0077,0.2754,0.0
Trigonometry,0.0077,0.003,0.0085,0.3274,0.0002
Trimurti,0.0015,0.0005,0.0073,0.262,0.0
Trinidad_and_Tobago,0.0123,0.0077,0.0165,0.4027,0.0005
Trinity,0.0057,0.0049,0.0106,0.3499,0.0005
"Trinity_College,_Cambridge",0.0047,0.0062,0.0101,0.3403,0.0002
Trinity_test,0.0032,0.0012,0.0075,0.2623,0.0
Tripitaka,0.0017,0.001,0.0078,0.3136,0.0001
Tripoli,0.0077,0.0032,0.0093,0.3419,0.0001
Triumph_of_the_Will,0.0064,0.0007,0.0073,0.2556,0.0
Trojan_War,0.0101,0.0049,0.0094,0.3331,0.0003
Troodon,0.0037,0.0002,0.0073,0.284,0.0
Troop_sleeper,0.0015,0.0002,0.0072,0.2061,0.0
Tropical_Storm_Allison,0.0044,0.0007,0.0074,0.2905,0.0
Tropical_Storm_Ana_(2003),0.0015,0.0007,0.0074,0.2617,0.0001
Tropical_Storm_Bonnie_(2004),0.0064,0.0005,0.0072,0.2368,0.0
Tropical_Storm_Delta_(2005),0.002,0.0002,0.0072,0.2238,0.0
Tropical_Storm_Franklin_(2005),0.002,0.0002,0.0072,0.2238,0.0
Tropical_Storm_Harvey_(2005),0.0012,0.0002,0.0072,0.2238,0.0
Tropical_Storm_Henri_(2003),0.003,0.0002,0.0072,0.1908,0.0
Tropical_Storm_Larry_(2003),0.002,0.0002,0.0072,0.1908,0.0
Tropical_Storm_Lee_(2005),0.0015,0.0002,0.0072,0.2238,0.0
Tropical_Storm_Leslie_(2000),0.0022,0.0002,0.0072,0.2784,0.0
Tropical_Storm_Matthew_(2004),0.0017,0.0005,0.0073,0.2377,0.0
Tropical_Storm_Odette_(2003),0.0032,0.0002,0.0072,0.1908,0.0
Tropical_Storm_Zeta_(2005),0.001,0.0002,0.0072,0.2238,0.0
Tropical_cyclone,0.0207,0.0215,0.0195,0.3914,0.0048
Tropics,0.0044,0.0109,0.014,0.3724,0.0002
Trout,0.003,0.0037,0.0092,0.337,0.0001
Trumpet,0.0052,0.0052,0.0096,0.3406,0.0002
Tsar_Bomba,0.002,0.0012,0.0077,0.3099,0.0
Tsunami,0.0141,0.0104,0.014,0.3755,0.001
Tuatara,0.004,0.001,0.0079,0.3227,0.0001
Tuberculosis,0.0079,0.0173,0.0141,0.3658,0.001
Tufted_Duck,0.0035,0.0002,0.0072,0.1569,0.0
Tuna,0.003,0.0042,0.0094,0.3374,0.0001
Tungsten,0.0086,0.0074,0.0117,0.3538,0.0005
Tunis,0.0049,0.0042,0.0108,0.3535,0.0001
Tunisia,0.0077,0.0215,0.0315,0.4193,0.0003
Tupac_Shakur,0.0044,0.001,0.0076,0.297,0.0
Turin,0.0119,0.0054,0.0111,0.3588,0.0003
Turkey,0.0425,0.0565,0.0525,0.4547,0.0047
Turkey_(bird),0.0037,0.002,0.0099,0.381,0.0006
Turkish_Republic_of_Northern_Cyprus,0.003,0.0052,0.0135,0.3705,0.0
Turkmenistan,0.0079,0.0123,0.0211,0.3905,0.0001
Turks_and_Caicos_Islands,0.0054,0.004,0.0129,0.3959,0.0001
Turmeric,0.0096,0.0027,0.008,0.2664,0.0
Turquoise,0.0131,0.0012,0.0079,0.3161,0.0001
Turtle,0.004,0.0054,0.0104,0.3503,0.0002
Tutsi,0.003,0.0022,0.0088,0.3325,0.0
Tuvalu,0.0072,0.0054,0.0116,0.3471,0.0
Tycho_Brahe,0.0091,0.0037,0.0087,0.3171,0.0002
Typewriter,0.0022,0.0007,0.0074,0.274,0.0
Tyrannosaurus,0.0116,0.0054,0.0092,0.3009,0.0004
U.S._Navy_Marine_Mammal_Program,0.002,0.0005,0.0073,0.2802,0.0
U.S._Open_(tennis),0.0025,0.0042,0.0091,0.3266,0.0001
U.S._Route_66,0.0035,0.0005,0.0072,0.2084,0.0003
U.S._state,0.0114,0.0173,0.02,0.4062,0.001
U2,0.0079,0.0054,0.0102,0.3436,0.0004
Ubuntu_(Linux_distribution),0.0025,0.0005,0.0073,0.2347,0.0
Uganda,0.0395,0.0183,0.0217,0.3913,0.0013
Ukraine,0.0143,0.0395,0.0429,0.4407,0.001
Ukulele,0.0035,0.0015,0.0076,0.2769,0.0
Ulawun,0.0005,0.0005,0.0074,0.305,0.0
Ultimatum_game,0.002,0.0002,0.0072,0.2484,0.0
Ultraviolet,0.0084,0.02,0.0164,0.3722,0.0016
Uluru,0.001,0.0002,0.0072,0.2084,0.0
Ulysses_S._Grant,0.0081,0.0062,0.0104,0.3484,0.0003
Union_Flag,0.0074,0.0032,0.0097,0.3403,0.0001
Union_Station_(San_Diego),0.0037,0.001,0.0074,0.2781,0.0007
United_Arab_Emirates,0.0044,0.0141,0.0212,0.3856,0.0001
United_Kingdom,0.0415,0.2217,0.1506,0.5468,0.0479
United_Malays_National_Organisation,0.0042,0.0005,0.0072,0.2387,0.0
United_Nations,0.0279,0.0778,0.082,0.492,0.0069
United_States,0.0726,0.3444,0.2003,0.5952,0.1036
United_States_Bill_of_Rights,0.0049,0.0037,0.0113,0.3814,0.0002
United_States_Congress,0.0106,0.0138,0.0166,0.3985,0.0006
United_States_Constitution,0.0062,0.0106,0.0149,0.3881,0.0003
United_States_Declaration_of_Independence,0.0049,0.0044,0.0119,0.3845,0.0002
United_States_House_of_Representatives,0.0067,0.0136,0.0156,0.387,0.0003
United_States_Numbered_Highways,0.0025,0.0002,0.0072,0.1725,0.0
United_States_Senate,0.004,0.0151,0.0169,0.3945,0.0002
United_States_Virgin_Islands,0.0074,0.0032,0.0122,0.3907,0.0003
United_States_dollar,0.0104,0.0385,0.0313,0.4403,0.0022
Universe,0.0049,0.0148,0.0153,0.3714,0.0006
University,0.0079,0.0185,0.0231,0.4215,0.0009
University_of_Bristol,0.0064,0.0022,0.008,0.3022,0.0002
University_of_Cambridge,0.0114,0.0178,0.0173,0.398,0.0025
University_of_Chicago,0.0079,0.0077,0.0103,0.3406,0.0012
University_of_Texas_at_Austin,0.0027,0.0012,0.0077,0.3007,0.0
Unix,0.0035,0.0057,0.009,0.306,0.0008
Ununbium,0.0035,0.0017,0.0079,0.2724,0.0
Ununhexium,0.0032,0.0017,0.008,0.2767,0.0
Ununoctium,0.0035,0.0017,0.0081,0.2701,0.0
Ununpentium,0.0042,0.0017,0.0079,0.2631,0.0
Ununquadium,0.003,0.002,0.0081,0.2868,0.0
Ununtrium,0.0035,0.0017,0.0079,0.2633,0.0
Upsilon_Andromedae,0.0049,0.0015,0.0076,0.2297,0.0007
Upsilon_Andromedae_b,0.0035,0.0007,0.0073,0.1869,0.0
Upsilon_Andromedae_c,0.0037,0.0005,0.0072,0.1868,0.0
Upsilon_Andromedae_d,0.0042,0.0005,0.0072,0.1868,0.0
Uranium,0.0126,0.0168,0.0162,0.3707,0.0016
Uranus,0.0084,0.0042,0.0094,0.3298,0.0002
Urial,0.0022,0.0002,0.0075,0.3073,0.0
Uruguay,0.0062,0.0126,0.0188,0.3892,0.0001
Utilitarianism,0.0017,0.0054,0.0103,0.3445,0.0
Utrecht_(city),0.0049,0.002,0.0087,0.3388,0.0
Uzbekistan,0.0091,0.0146,0.0204,0.3792,0.0002
Valparaíso,0.0022,0.0015,0.0085,0.341,0.0
Vampire,0.0111,0.0022,0.008,0.3128,0.0005
Vampire_bat,0.0032,0.0005,0.0073,0.2594,0.0
Van_Halen,0.002,0.001,0.0075,0.2909,0.0
Vanadium,0.0109,0.0052,0.0101,0.3379,0.0002
Vancouver,0.0111,0.0067,0.0111,0.3595,0.0003
Vanilla,0.0069,0.0027,0.0087,0.3187,0.0001
Vanuatu,0.0069,0.0084,0.0155,0.3727,0.0001
Varanasi,0.0057,0.0022,0.0082,0.3189,0.0001
Vasco_da_Gama,0.0044,0.0052,0.0106,0.3468,0.0001
Vatican_City,0.0081,0.0158,0.0257,0.415,0.0004
Vegetable,0.0062,0.0104,0.014,0.3786,0.0006
Vegetation,0.0012,0.0044,0.0096,0.3427,0.0
Velociraptor,0.0081,0.0015,0.0076,0.2668,0.0001
Venezuela,0.0126,0.0217,0.0262,0.4207,0.0008
Venn_diagram,0.002,0.0002,0.0072,0.235,0.0
Venus,0.0156,0.0089,0.011,0.3386,0.0012
Venus_and_Adonis_(opera),0.0022,0.0007,0.0075,0.2924,0.0
Vertebrate,0.0032,0.0111,0.013,0.3469,0.0003
Vestigial_structure,0.0035,0.0007,0.0075,0.2993,0.0
Vicia_faba,0.0047,0.0005,0.0075,0.3052,0.0001
Victor_Hugo,0.0077,0.003,0.0089,0.3369,0.0001
"Victoria,_Seychelles",0.003,0.0007,0.0082,0.3352,0.0
Victoria_Cross,0.0052,0.004,0.0088,0.3222,0.0001
Victoria_of_the_United_Kingdom,0.0123,0.018,0.0162,0.3794,0.0018
Video,0.0027,0.0027,0.0083,0.3172,0.0001
Vienna,0.0136,0.0244,0.0249,0.4103,0.0012
Vietnam,0.0133,0.0328,0.0354,0.445,0.0013
Vietnam_War,0.0077,0.02,0.0205,0.4111,0.0005
Viking,0.0153,0.0183,0.0225,0.4147,0.0015
Vinaya,0.0042,0.0007,0.0077,0.3129,0.0001
Vincent_van_Gogh,0.0072,0.004,0.0099,0.3584,0.0006
Virgil,0.0074,0.0067,0.0112,0.3613,0.0004
Virginian_Railway,0.004,0.001,0.0074,0.2102,0.0
Virtuti_Militari,0.0067,0.0017,0.0077,0.2736,0.0
Virus,0.0069,0.0081,0.0109,0.3461,0.0005
Visual_arts,0.0037,0.0035,0.0089,0.335,0.0003
Vitamin,0.0067,0.0072,0.0105,0.3511,0.001
Vitamin_C,0.0077,0.0091,0.0106,0.333,0.0006
Vitamin_D,0.003,0.0054,0.0095,0.3336,0.0001
Vitus_Bering,0.002,0.0005,0.0075,0.3073,0.0
Vivien_Leigh,0.0079,0.0017,0.0077,0.2684,0.0001
Vladimir_Lenin,0.0091,0.0119,0.0159,0.3756,0.0005
Vodafone,0.022,0.0015,0.0076,0.2893,0.0001
Volcanic_pipe,0.0025,0.0005,0.0073,0.2702,0.0
Volcano,0.0165,0.0306,0.0285,0.4388,0.0071
Vole,0.0037,0.0012,0.0075,0.2819,0.0
Volga_River,0.0044,0.003,0.0095,0.345,0.0001
Volleyball,0.0032,0.0067,0.0131,0.3689,0.0
Volt,0.0012,0.0052,0.0091,0.3082,0.0001
Voltaire,0.0067,0.0099,0.0116,0.3488,0.0002
Voting,0.0022,0.0032,0.0085,0.318,0.0
Vowel,0.004,0.0064,0.0108,0.3532,0.0001
Voynich_manuscript,0.0111,0.0002,0.0072,0.2329,0.0
Vulgar_Latin,0.0052,0.0025,0.0105,0.3605,0.0001
Vulture,0.0044,0.0012,0.0076,0.2884,0.0
W._Mark_Felt,0.0054,0.0005,0.0073,0.281,0.0003
WTA_Tour_Championships,0.0027,0.0002,0.0072,0.2345,0.0
Wader,0.003,0.0017,0.0079,0.2922,0.0001
Waheguru,0.0012,0.0007,0.0077,0.3211,0.0
Wake_Island,0.0062,0.002,0.0098,0.3742,0.0002
Wales,0.0141,0.0385,0.0309,0.4274,0.0032
Wall_Street,0.0069,0.0035,0.0112,0.3805,0.0002
Wallaby,0.003,0.0007,0.0073,0.2548,0.0
Wallis_and_Futuna,0.0067,0.0022,0.0087,0.3299,0.0
Walrus,0.0037,0.002,0.0079,0.3139,0.0001
Walt_Disney,0.0064,0.0035,0.0083,0.2951,0.0006
Walt_Whitman,0.0037,0.003,0.0105,0.3837,0.0003
Walter_Raleigh,0.0054,0.0022,0.0084,0.3235,0.0001
Walter_Scott,0.0042,0.0044,0.009,0.3196,0.0001
War,0.0106,0.0195,0.0228,0.4248,0.0015
War_and_Peace,0.0049,0.0012,0.0075,0.2728,0.0
War_in_Somalia_(2006–present),0.0035,0.0002,0.0074,0.3064,0.0
War_of_the_League_of_Cambrai,0.004,0.0007,0.0073,0.2576,0.0
War_of_the_Spanish_Succession,0.0052,0.004,0.0102,0.3525,0.0
Ward_Cunningham,0.0007,0.0002,0.0072,0.2267,0.0
Warren_G._Harding,0.0094,0.0022,0.0082,0.3003,0.0001
Wars_of_the_Roses,0.0072,0.004,0.0104,0.3583,0.0003
Warsaw,0.0138,0.0116,0.0173,0.3949,0.0007
Wasabi,0.0047,0.0032,0.009,0.3443,0.0002
"Washington,_D.C.",0.017,0.0395,0.0285,0.4257,0.0028
Washington_Metro,0.0037,0.0007,0.0076,0.3049,0.0
Wasp,0.003,0.0025,0.008,0.2776,0.0
Waste_management,0.0074,0.0025,0.0088,0.3372,0.0001
Watch,0.0042,0.0027,0.0085,0.3305,0.0002
Watchmen,0.0054,0.0007,0.0073,0.2569,0.0
Water,0.0323,0.0464,0.0307,0.4298,0.0102
Water_Buffalo,0.0077,0.0015,0.0076,0.2595,0.0
Water_polo,0.0027,0.0007,0.0077,0.3136,0.0
Water_purification,0.0062,0.0025,0.0084,0.3167,0.0001
Water_resources,0.0047,0.001,0.0077,0.312,0.0
Watercolor_painting,0.0037,0.001,0.0074,0.282,0.0
Watling_Street,0.0035,0.0012,0.0075,0.2717,0.0
Wave,0.0025,0.0074,0.0108,0.347,0.0001
Wave–particle_duality,0.0062,0.0002,0.0072,0.2588,0.0
Wayne_Rooney,0.004,0.0002,0.0072,0.264,0.0002
Weapon,0.0069,0.0059,0.0105,0.354,0.0002
Weasel,0.002,0.002,0.0078,0.2882,0.0
Weather,0.0106,0.0086,0.0117,0.3588,0.0007
Weather_forecasting,0.0025,0.0007,0.0074,0.269,0.0
Weed,0.0007,0.0032,0.009,0.3355,0.0
Weight_training,0.003,0.0005,0.0073,0.2624,0.0
Weimar_Republic,0.0086,0.0054,0.0112,0.3486,0.0001
Welding,0.0106,0.0064,0.0102,0.3331,0.0009
Wellington,0.0037,0.0044,0.0104,0.3506,0.0001
Welsh_law,0.0037,0.0007,0.0076,0.2997,0.0001
Wernher_von_Braun,0.0086,0.003,0.0096,0.3527,0.0004
Wessex,0.0037,0.0057,0.0103,0.3482,0.0001
West_Bank,0.0072,0.0054,0.0108,0.356,0.0001
West_Flemish,0.002,0.002,0.0079,0.3031,0.0
West_Virginia,0.0086,0.0079,0.0126,0.3792,0.0006
Western_Front_(World_War_I),0.0072,0.0012,0.0082,0.3295,0.0
Western_Roman_Empire,0.0121,0.0069,0.0146,0.3831,0.0002
Western_Sahara,0.0084,0.0111,0.0213,0.4076,0.0002
Westminster_Abbey,0.0128,0.0195,0.0183,0.3901,0.0019
Westminster_System,0.0074,0.0022,0.0094,0.3495,0.0001
Weston-super-Mare,0.003,0.0007,0.0076,0.3049,0.0
Weymouth,0.0072,0.002,0.0082,0.3179,0.0001
Whale,0.0084,0.0079,0.0116,0.3611,0.0014
Whale_shark,0.0069,0.0015,0.0079,0.3148,0.0001
Whale_song,0.0035,0.0005,0.0072,0.215,0.0
Wheat,0.0077,0.0136,0.0176,0.409,0.0005
Where_Did_Our_Love_Go,0.0005,0.0002,0.0072,0.2055,0.0
Whipworm,0.0015,0.0002,0.0072,0.2182,0.0
White-tailed_Eagle,0.0049,0.0005,0.0073,0.2547,0.0001
White_cliffs_of_Dover,0.0017,0.0007,0.0083,0.343,0.0
Whooping_Crane,0.0017,0.0002,0.0072,0.2492,0.0
Wikimedia_Foundation,0.0027,0.0015,0.0075,0.2268,0.0006
Wikinews,0.0032,0.0007,0.0073,0.1867,0.0
Wikipedia,0.0077,0.003,0.0081,0.2931,0.0021
Wikisource,0.001,0.0002,0.0072,0.1849,0.0
Wikispecies,0.0007,0.0002,0.0072,0.1849,0.0
Wild_cat,0.0067,0.0007,0.0089,0.3556,0.0001
Wildebeest,0.003,0.0017,0.0079,0.3111,0.0
Willem_Barents,0.0017,0.0005,0.0073,0.2665,0.0
William_Butler_Yeats,0.004,0.0044,0.0094,0.3359,0.0001
William_Ewart_Gladstone,0.0099,0.0047,0.0096,0.3396,0.0001
William_Gilbert,0.0025,0.001,0.0078,0.3087,0.0
William_Gladstone,0.0099,0.0007,0.0073,0.2652,0.0
William_Harvey,0.0017,0.0017,0.0086,0.3489,0.0001
William_Henry_Harrison,0.0042,0.003,0.0085,0.3031,0.0001
William_Hogarth,0.0054,0.0035,0.0095,0.3531,0.0005
William_Howard_Taft,0.0119,0.0035,0.0088,0.3116,0.0001
William_III_of_England,0.0096,0.0094,0.0117,0.3449,0.0004
William_II_of_England,0.0035,0.0022,0.0087,0.3348,0.0001
William_IV_of_the_United_Kingdom,0.0067,0.0059,0.0099,0.3231,0.0001
William_I_of_England,0.0047,0.0072,0.0121,0.3696,0.0003
William_Mahone,0.0027,0.0002,0.0072,0.275,0.0
William_McKinley,0.0042,0.0037,0.009,0.3202,0.0001
William_N._Page,0.0049,0.0005,0.0072,0.2088,0.0
William_Pitt_the_Younger,0.0072,0.0027,0.0083,0.3042,0.0001
William_Renshaw,0.001,0.0007,0.0074,0.2726,0.0
William_Shakespeare,0.004,0.0338,0.0265,0.4236,0.0012
William_Tecumseh_Sherman,0.0079,0.0012,0.0078,0.2981,0.0
"William_Thomson,_1st_Baron_Kelvin",0.0126,0.0017,0.0081,0.3229,0.0002
William_Wilberforce,0.0067,0.0012,0.0077,0.3067,0.0
William_and_Mary,0.001,0.0017,0.0082,0.3223,0.0
William_the_Silent,0.0044,0.001,0.0077,0.3039,0.0
Wind,0.0052,0.0079,0.0115,0.3697,0.0005
Windows_2000,0.0022,0.002,0.0077,0.2496,0.0
Windows_Vista,0.003,0.0015,0.0076,0.2653,0.0002
Windows_XP,0.0035,0.0037,0.0083,0.2592,0.0002
Windsor_Castle,0.0091,0.0072,0.0112,0.3496,0.0004
Wine,0.0168,0.0136,0.0161,0.3914,0.0018
Winfield_Scott_Hancock,0.0022,0.001,0.0076,0.2973,0.0
Winston_Churchill,0.0242,0.0193,0.0194,0.3949,0.0031
Winter,0.0099,0.0136,0.0148,0.3854,0.0024
Witold_Pilecki,0.0042,0.0005,0.0074,0.2862,0.0
Wolfgang_Amadeus_Mozart,0.0079,0.0086,0.0126,0.3666,0.001
Wolverine,0.004,0.001,0.0075,0.2861,0.0
Wombat,0.0027,0.001,0.0081,0.3368,0.0
Women's_rights,0.0059,0.003,0.0086,0.3237,0.0001
Wood,0.0025,0.0126,0.013,0.3626,0.0002
Wood_Pigeon,0.003,0.001,0.0074,0.2536,0.0
Wood_fuel,0.0044,0.0002,0.0072,0.2606,0.0
Woodpecker,0.0027,0.0032,0.0084,0.314,0.0008
Woodrow_Wilson,0.0111,0.0101,0.0135,0.3635,0.0005
Woodworking,0.0025,0.0012,0.0075,0.28,0.0
WorkChoices,0.0002,0.0002,0.0079,0.3363,0.0
Work_(thermodynamics),0.0015,0.0007,0.0074,0.274,0.0
Working_poor,0.0007,0.0002,0.0073,0.2787,0.0
World_Bank_Group,0.0037,0.002,0.0099,0.3613,0.0
World_Health_Organization,0.0111,0.0138,0.0185,0.4075,0.0006
World_Heritage_Site,0.0138,0.0212,0.0234,0.427,0.0014
World_Trade_Organization,0.0178,0.0091,0.0198,0.4113,0.0004
World_War_I,0.0202,0.0909,0.072,0.4884,0.0073
World_War_II,0.0294,0.1694,0.1206,0.5286,0.0169
World_Wide_Web,0.0049,0.0049,0.0098,0.3481,0.0012
Worm,0.0012,0.0007,0.0073,0.2486,0.0
Wren,0.0012,0.0005,0.0072,0.1916,0.0
Wrench,0.001,0.0005,0.0072,0.2578,0.0
Wrestling,0.0042,0.0017,0.0087,0.3399,0.0
Wright_brothers,0.0015,0.001,0.0075,0.2961,0.0
Writing,0.0027,0.0057,0.0106,0.3543,0.0002
X_Window_System,0.0017,0.0022,0.0078,0.2512,0.0
Xenon,0.0072,0.0121,0.0125,0.3391,0.0001
Yagan,0.0047,0.0002,0.0072,0.2587,0.0
Yak,0.0037,0.003,0.0086,0.3154,0.0
Yamoussoukro,0.0012,0.001,0.0086,0.3417,0.0
Yangtze_River,0.0044,0.0047,0.0115,0.3683,0.0001
"Yarralumla,_Australian_Capital_Territory",0.0099,0.0002,0.0072,0.2645,0.0
Yeast,0.0104,0.0049,0.0096,0.3346,0.0005
Yellow_River,0.002,0.0032,0.0096,0.3528,0.0
Yellow_fever,0.0052,0.0037,0.0095,0.3434,0.0001
Yellowstone_National_Park,0.0072,0.0042,0.0112,0.3876,0.0008
Yemen,0.0346,0.016,0.0241,0.4033,0.0008
Yenisei_River,0.003,0.001,0.0075,0.3018,0.0
Yes_Minister,0.0057,0.0002,0.0072,0.238,0.0
Yeti,0.0054,0.0007,0.0074,0.2838,0.0
Yom_Kippur_War,0.0123,0.003,0.0094,0.3364,0.0002
York,0.004,0.0079,0.0112,0.3529,0.0002
Yorkshire_Dales,0.0017,0.0005,0.0072,0.2544,0.0
Ytterbium,0.0059,0.0025,0.0082,0.2787,0.0
Yttrium,0.0099,0.0044,0.0092,0.3019,0.0001
Yugoslavia,0.0121,0.0121,0.0205,0.3998,0.0003
Yuri_Gagarin,0.0022,0.0032,0.0097,0.3487,0.0
Zürich,0.0049,0.0047,0.0095,0.3387,0.0001
ZX_Spectrum,0.0032,0.003,0.008,0.2619,0.0003
Zachary_Taylor,0.0044,0.003,0.0086,0.3052,0.0001
Zambezi,0.0099,0.003,0.0088,0.3276,0.0007
Zambia,0.0237,0.016,0.0199,0.3875,0.001
Zebra,0.003,0.003,0.0084,0.32,0.0005
Zebra_shark,0.0022,0.0002,0.0072,0.2465,0.0
Zeus,0.0072,0.0099,0.0135,0.3782,0.0008
Zhang_Qian,0.0047,0.0005,0.0072,0.2464,0.0005
Zheng_He,0.0096,0.002,0.0091,0.3426,0.0001
Ziad_Jarrah,0.0062,0.0002,0.0073,0.2857,0.0
Zimbabwe,0.0156,0.02,0.0216,0.3935,0.001
Zinc,0.0089,0.016,0.0163,0.3749,0.001
Zinc_chloride,0.0022,0.0012,0.0078,0.2984,0.0
Zion_National_Park,0.0109,0.0007,0.0073,0.2744,0.0
Zionism,0.0183,0.0049,0.0113,0.3601,0.0003
Zirconium,0.0104,0.0035,0.0087,0.2856,0.0001
Zoroaster,0.0069,0.0022,0.0088,0.3352,0.0001
Zuid-Gelders,0.0012,0.0012,0.0076,0.2997,0.0
Zulu,0.0037,0.0035,0.0104,0.3585,0.0002
